CREATE DATABASE  IF NOT EXISTS `citations` /*!40100 DEFAULT CHARACTER SET utf8mb3 */ /*!80016 DEFAULT ENCRYPTION='N' */;
USE `citations`;
-- MySQL dump 10.13  Distrib 8.0.34, for Win64 (x86_64)
--
-- Host: localhost    Database: citations
-- ------------------------------------------------------
-- Server version	8.0.33

/*!40101 SET @OLD_CHARACTER_SET_CLIENT=@@CHARACTER_SET_CLIENT */;
/*!40101 SET @OLD_CHARACTER_SET_RESULTS=@@CHARACTER_SET_RESULTS */;
/*!40101 SET @OLD_COLLATION_CONNECTION=@@COLLATION_CONNECTION */;
/*!50503 SET NAMES utf8 */;
/*!40103 SET @OLD_TIME_ZONE=@@TIME_ZONE */;
/*!40103 SET TIME_ZONE='+00:00' */;
/*!40014 SET @OLD_UNIQUE_CHECKS=@@UNIQUE_CHECKS, UNIQUE_CHECKS=0 */;
/*!40014 SET @OLD_FOREIGN_KEY_CHECKS=@@FOREIGN_KEY_CHECKS, FOREIGN_KEY_CHECKS=0 */;
/*!40101 SET @OLD_SQL_MODE=@@SQL_MODE, SQL_MODE='NO_AUTO_VALUE_ON_ZERO' */;
/*!40111 SET @OLD_SQL_NOTES=@@SQL_NOTES, SQL_NOTES=0 */;

--
-- Temporary view structure for view `amount_due_per_violation_location`
--

DROP TABLE IF EXISTS `amount_due_per_violation_location`;
/*!50001 DROP VIEW IF EXISTS `amount_due_per_violation_location`*/;
SET @saved_cs_client     = @@character_set_client;
/*!50503 SET character_set_client = utf8mb4 */;
/*!50001 CREATE VIEW `amount_due_per_violation_location` AS SELECT 
 1 AS `Violation Location`,
 1 AS `Total Amount Due`*/;
SET character_set_client = @saved_cs_client;

--
-- Table structure for table `fines`
--

DROP TABLE IF EXISTS `fines`;
/*!40101 SET @saved_cs_client     = @@character_set_client */;
/*!50503 SET character_set_client = utf8mb4 */;
CREATE TABLE `fines` (
  `fine_id` int NOT NULL,
  `fine_level_1_amount` int NOT NULL,
  `fine_level_2_amount` int NOT NULL,
  PRIMARY KEY (`fine_id`)
) ENGINE=InnoDB DEFAULT CHARSET=utf8mb3;
/*!40101 SET character_set_client = @saved_cs_client */;

--
-- Dumping data for table `fines`
--

LOCK TABLES `fines` WRITE;
/*!40000 ALTER TABLE `fines` DISABLE KEYS */;
INSERT INTO `fines` VALUES (1,25,50),(2,35,70),(3,60,120),(4,75,150),(5,100,200),(6,200,250),(7,150,300),(8,250,500),(9,0,0);
/*!40000 ALTER TABLE `fines` ENABLE KEYS */;
UNLOCK TABLES;

--
-- Table structure for table `hearings`
--

DROP TABLE IF EXISTS `hearings`;
/*!40101 SET @saved_cs_client     = @@character_set_client */;
/*!50503 SET character_set_client = utf8mb4 */;
CREATE TABLE `hearings` (
  `hearing_id` int NOT NULL,
  `hearing_disposition` varchar(16) NOT NULL,
  `hearing_reason` varchar(64) DEFAULT NULL,
  PRIMARY KEY (`hearing_id`)
) ENGINE=InnoDB DEFAULT CHARSET=utf8mb3;
/*!40101 SET character_set_client = @saved_cs_client */;

--
-- Dumping data for table `hearings`
--

LOCK TABLES `hearings` WRITE;
/*!40000 ALTER TABLE `hearings` DISABLE KEYS */;
INSERT INTO `hearings` VALUES (1,'Not Liable','Violation is Factually Inconsistent'),(2,'Not Liable','Citizen was Not Owner or Lessee of Cited Vehicle'),(3,'Liable','');
/*!40000 ALTER TABLE `hearings` ENABLE KEYS */;
UNLOCK TABLES;

--
-- Table structure for table `locations`
--

DROP TABLE IF EXISTS `locations`;
/*!40101 SET @saved_cs_client     = @@character_set_client */;
/*!50503 SET character_set_client = utf8mb4 */;
CREATE TABLE `locations` (
  `location_id` int NOT NULL,
  `violation_location` varchar(64) NOT NULL,
  PRIMARY KEY (`location_id`)
) ENGINE=InnoDB DEFAULT CHARSET=utf8mb3;
/*!40101 SET character_set_client = @saved_cs_client */;

--
-- Dumping data for table `locations`
--

LOCK TABLES `locations` WRITE;
/*!40000 ALTER TABLE `locations` DISABLE KEYS */;
INSERT INTO `locations` VALUES (1,'2749 E 75TH ST'),(2,'3137 W PETERSON'),(3,'1334 W GARFIELD BLVD'),(4,'6700 S CORNELL DRIVE'),(5,'7840 S EAST END'),(6,'4030 W 21ST PL'),(7,'1842 S LAWNDALE'),(8,'4200 S CICERO AVENUE'),(9,'1645 W MONROE'),(10,'3600 N CICERO AVENUE'),(11,'1142 W IRVING PARK'),(12,'1000 W HOLLYWOOD AVE'),(13,'1864 S LAWNDALE'),(14,'5816 W JACKSON'),(15,'3200 W BELMONT'),(16,'5454 W IRVING PARK'),(17,'10318 S INDIANAPOLIS'),(18,'1502 E 62ND ST'),(19,'506 S CENTRAL AVE'),(20,'6226 W IRVING PARK RD'),(21,'5200 N NORTHWEST HWY'),(22,'3652 W 19TH ST'),(23,'2800 N PULASKI ROAD'),(24,'2900 W OGDEN'),(25,'1111 N HUMBOLDT'),(26,'667 W DIVISION'),(27,'4247 W CULLERTON'),(28,'1940 S RIDGEWAY'),(29,'211 E OHIO'),(30,'1 E 79TH STREET'),(31,'2957 N PULASKI'),(32,'6298 S RACINE'),(33,'4230 W CULLERTON'),(34,'2757 E 75TH ST'),(35,'2912 W ROOSEVELT'),(36,'515 S CENTRAL AVE'),(37,'8345 S ASHLAND AVE'),(38,'536 E MORGAN DR'),(39,'1902 S RIDGEWAY'),(40,'3843 S WESTERN'),(41,'15 W 95TH ST'),(42,'2439 S TROY ST'),(43,'1810 S RIDGEWAY'),(44,'8318 S ASHLAND AVE'),(45,'3034 W FOSTER'),(46,'8020 W FOREST PRESERVE AV'),(47,'57 E 95TH'),(48,'7600 S STONY ISLAND A'),(49,'4132 W CULLERTON'),(50,'4137 W CULLERTON'),(51,'324 E ILLINOIS ST'),(52,'800 W ROOSEVELT ROAD'),(53,'6400 N SHERIDAN ROAD'),(54,'445 W 127TH'),(55,'1616 S RIDGEWAY'),(56,'6247 W FULLERTON'),(57,'2906 N LAWNDALE'),(58,'4124 W FOSTER AVE'),(59,'450 N COLUMBUS DR'),(60,'6425 S RACINE'),(61,'3540 W HURON'),(62,'4000 W FOSTER AVE'),(63,'2858 N HAMLIN'),(64,'4228 N HERMITAGE'),(65,'2200 S WESTERN AVENUE'),(66,'4356 W CULLERTON'),(67,'3655 W JACKSON'),(68,'5885 N RIDGE AVE'),(69,'6427 S RACINE'),(70,'5432 W LAWRENCE'),(71,'4354 W CULLERTON'),(72,'2745 E 74TH ST'),(73,'6300 S DAMEN AVENUE'),(74,'5330 S COTTAGE GROVE'),(75,'1242 W 58TH ST'),(76,'5520 S WESTERN'),(77,'115 N OGDEN'),(78,'4400 N MILWAUKEE AVEN'),(79,'5471 W HIGGINS'),(80,'4310 W CULLERTON'),(81,'6523 N WESTERN'),(82,'3331 E 100TH ST'),(83,'726 N DRAKE'),(84,'848 W 87TH STREET'),(85,'1743 W MAYPOLE'),(86,'6818 S KEDZIE'),(87,'140 N ASHLAND'),(88,'2749 E 73RD ST'),(89,'4130 W CULLERTON'),(90,'6046 S LASALLE ST'),(91,'4119 W CULLERTON'),(92,'4110 W CULLERTON'),(93,'3911 W DIVERSEY AVE'),(94,'9500 S ASHLAND AVENUE'),(95,'1628 S HAMLIN'),(96,'3047 W JACKSON BLVD'),(97,'141 N ASHLAND'),(98,'7422 S JEFFERY'),(99,'4022 W CULLERTON'),(100,'1809 S HAMLIN'),(101,'7900 S HALSTED STREET'),(102,'324 S KEDZIE AVE'),(103,'6816 S CORNELL AVE'),(104,'1818 S HAMLIN'),(105,'1315 W GARFIELD BLVD'),(106,'3400 W NORTH AVE'),(107,'6400 W IRVING PK'),(108,'100 N CICERO AVENUE'),(109,'449 N COLUMBUS DR'),(110,'340 W UPPER WACKER DR'),(111,'9500 S HALSTED STREET'),(112,'2416 W 103RD ST'),(113,'5120 N PULASKI'),(114,'1901 E 75TH ST'),(115,'550 E 67TH ST'),(116,'4000 N ELSTON AVENUE'),(117,'2144 N LINCOLN PK WST'),(118,'2917 W ROOSEVELT'),(119,'2656 S AVERS'),(120,'3956 N CENTRAL'),(121,'4433 N WESTERN'),(122,'4800 W 47TH ST'),(123,'1904 S HAMLIN'),(124,'2000 N CICERO AVENUE'),(125,'3231 W DICKENS AV'),(126,'800 W 99TH ST'),(127,'1962 S HAMLIN'),(128,'8700 S VINCENNES'),(129,'1942 S AVERS'),(130,'400 S WESTERN AVENUE'),(131,'6909 S KEDZIE'),(132,'1940 S AVERS'),(133,'500 N COLUMBUS DRIVE'),(134,'3450 W 71ST'),(135,'2400 W 63RD ST'),(136,'323 N LAMON'),(137,'2900 S STATE ST'),(138,'1600 W 71ST'),(139,'5051 S ST LAWRENCE AVE'),(140,'500 W ROOSEVELT ROAD'),(141,'1925 S AVERS'),(142,'1865 S AVERFS'),(143,'320 N LAMON'),(144,'3646 W MADISON'),(145,'3800 W MADISON STREET'),(146,'4000 W IRVING PARK RD'),(147,'6254 S INDIANA'),(148,'3100 S DR MARTIN L KING'),(149,'100 W CHICAGO AVENUE'),(150,'3200 N KEDZIE AVE'),(151,'2711 S STATE ST'),(152,'2417 W 103RD ST'),(153,'5019 S ST LAWRENCE AVE'),(154,'1852 S CENTRAL PARK'),(155,'200 W GARFIELD BLVD'),(156,'2901 S STATE ST'),(157,'8700 S LAFAYETTE AVEN'),(158,'2840 S STATE ST'),(159,'2050 S INDIANA ST'),(160,'2400 W PETERSON'),(161,'2920 S STATE ST'),(162,'2711 W PERSHING RD'),(163,'312 E 50TH ST'),(164,'2400 N ASHLAND AVENUE'),(165,'2964 S STATE ST'),(166,'2026 N LINCOLN PK WST'),(167,'3034 N KILBOURN'),(168,'98 E 46TH ST'),(169,'5600 W CHICAGO AVENUE'),(170,'4800 N ASHLAND AVENUE'),(171,'2645 S STATE ST'),(172,'2057 N CLARK ST'),(173,'1821 N LUNA'),(174,'5200 N PULASKI RD'),(175,'3255 W BLOOMINGDALE'),(176,'158 W ELM'),(177,'2800 N DAMEN AVENUE'),(178,'308 E 50TH ST'),(179,'5420 S RACINE AVE'),(180,'6601 S INGLESIDE AV'),(181,'1600 W 87TH ST'),(182,'4432 N LINCOLN'),(183,'7430 S COELS AV'),(184,'3645 S HERMITAGE'),(185,'1600 W SHERWIN'),(186,'800 N SACRAMENTO AVEN'),(187,'5200 W IRVING PARK ROA'),(188,'1725 S WABASH AVE'),(189,'2513 W 55TH'),(190,'9500 S JEFFERY AVE'),(191,'1158 S 19TH PL'),(192,'932 N LONG'),(193,'1723 S WABASH'),(194,'1639 S WABASH AVE'),(195,'2400 N WESTERN AVENUE'),(196,'11900 S HALSTED'),(197,'1521 S WABASH ST'),(198,'7900 S STATE STREET'),(199,'9618 S EWING AVE'),(200,'1515 S WABASH AVE'),(201,'4800 W HARRISON STREET'),(202,'1925 S RACINE AVE'),(203,'1515 S WABASH'),(204,'1333 S WABASH AVE'),(205,'2000 S RACINE AVE'),(206,'4058 W MELROSE'),(207,'11100 S HALSTED ST'),(208,'1414 S WABASH'),(209,'2121 N MASON'),(210,'1150 S WABASH'),(211,'1607 W 21ST'),(212,'1133 S WABASH'),(213,'800 N CENTRAL AVENUE'),(214,'4400 W GRAND AVE'),(215,'2000 W DIVISION'),(216,'9900 S HALSTED ST'),(217,'5425 W WELLINGTON'),(218,'5416 W WELLINGTON'),(219,'6300 S WESTERN AVE'),(220,'5406 W WELLINGTON'),(221,'2903 N PINE GROVE'),(222,'4000 W BELMONT AVE'),(223,'5404 W WELLINGTON'),(224,'5400 W WELLINGTON'),(225,'5401 W WELLINGTON'),(226,'2348 S KOSTNER AVENUE'),(227,'2331 N COMMONWEALTH AV'),(228,'5403 W WELLINGTON'),(229,'30 W 87TH STREET'),(230,'5529 S WESTERN'),(231,'5407 W WELLINGTON'),(232,'4000 N PULASKI ROAD'),(233,'7909 S ASHLAND'),(234,'2000 W FULLERTON AVE'),(235,'5930 N CLARK STREET'),(236,'176 N MORGAN'),(237,'142 E ONTARIO'),(238,'1200 W DEVON AVE'),(239,'4800 N CICERO AVENUE'),(240,'1507 W 83rd ST'),(241,'4000 W FULLERTON AVE'),(242,'2400 W VAN BUREN STREE'),(243,'2080 W PERSHING'),(244,'400 W BELMONT AVE'),(245,'109 E SUPERIOR'),(246,'2400 N LARAMIE AVENUE');
/*!40000 ALTER TABLE `locations` ENABLE KEYS */;
UNLOCK TABLES;

--
-- Table structure for table `notices`
--

DROP TABLE IF EXISTS `notices`;
/*!40101 SET @saved_cs_client     = @@character_set_client */;
/*!50503 SET character_set_client = utf8mb4 */;
CREATE TABLE `notices` (
  `notice_id` int NOT NULL,
  `notice_level` varchar(4) NOT NULL,
  PRIMARY KEY (`notice_id`)
) ENGINE=InnoDB DEFAULT CHARSET=utf8mb3;
/*!40101 SET character_set_client = @saved_cs_client */;

--
-- Dumping data for table `notices`
--

LOCK TABLES `notices` WRITE;
/*!40000 ALTER TABLE `notices` DISABLE KEYS */;
INSERT INTO `notices` VALUES (1,'VIOL'),(2,'DETR'),(3,'SEIZ'),(4,'DLS'),(5,'FINL'),(6,'');
/*!40000 ALTER TABLE `notices` ENABLE KEYS */;
UNLOCK TABLES;

--
-- Temporary view structure for view `number_of_tickets_per_specific_vehicle_type`
--

DROP TABLE IF EXISTS `number_of_tickets_per_specific_vehicle_type`;
/*!50001 DROP VIEW IF EXISTS `number_of_tickets_per_specific_vehicle_type`*/;
SET @saved_cs_client     = @@character_set_client;
/*!50503 SET character_set_client = utf8mb4 */;
/*!50001 CREATE VIEW `number_of_tickets_per_specific_vehicle_type` AS SELECT 
 1 AS `vehicle_make`,
 1 AS `license_plate_type`,
 1 AS `driver_zip_code`,
 1 AS `Number of Tickets`*/;
SET character_set_client = @saved_cs_client;

--
-- Temporary view structure for view `occurrence_of_violations`
--

DROP TABLE IF EXISTS `occurrence_of_violations`;
/*!50001 DROP VIEW IF EXISTS `occurrence_of_violations`*/;
SET @saved_cs_client     = @@character_set_client;
/*!50503 SET character_set_client = utf8mb4 */;
/*!50001 CREATE VIEW `occurrence_of_violations` AS SELECT 
 1 AS `Violation Type`,
 1 AS `Occurrence`*/;
SET character_set_client = @saved_cs_client;

--
-- Temporary view structure for view `percent_of_tickets_with_hearings`
--

DROP TABLE IF EXISTS `percent_of_tickets_with_hearings`;
/*!50001 DROP VIEW IF EXISTS `percent_of_tickets_with_hearings`*/;
SET @saved_cs_client     = @@character_set_client;
/*!50503 SET character_set_client = utf8mb4 */;
/*!50001 CREATE VIEW `percent_of_tickets_with_hearings` AS SELECT 
 1 AS `Percent of Tickets With Hearings`,
 1 AS `Percent of Liable Tickets`,
 1 AS `Percent of Not Liable Tickets`*/;
SET character_set_client = @saved_cs_client;

--
-- Table structure for table `tickets`
--

DROP TABLE IF EXISTS `tickets`;
/*!40101 SET @saved_cs_client     = @@character_set_client */;
/*!50503 SET character_set_client = utf8mb4 */;
CREATE TABLE `tickets` (
  `ticket_id` int NOT NULL,
  `issue_date` datetime NOT NULL,
  `driver_zip_code` varchar(5) DEFAULT NULL,
  `ticket_queue` varchar(12) NOT NULL,
  `ticket_queue_date` date NOT NULL,
  `amount_due` float NOT NULL,
  `total_paid` float NOT NULL,
  PRIMARY KEY (`ticket_id`)
) ENGINE=InnoDB DEFAULT CHARSET=utf8mb3;
/*!40101 SET character_set_client = @saved_cs_client */;

--
-- Dumping data for table `tickets`
--

LOCK TABLES `tickets` WRITE;
/*!40000 ALTER TABLE `tickets` DISABLE KEYS */;
INSERT INTO `tickets` VALUES (1,'2021-01-01 09:00:00','60649','Dismissed','2021-03-17',0,0),(2,'2021-01-01 09:00:00','80218','Paid','2021-02-11',0,35),(3,'2021-01-01 09:00:00','60637','Paid','2021-03-02',-100,200),(4,'2021-01-01 09:00:00','60626','Paid','2021-05-20',0,244),(5,'2021-01-01 09:01:00','60620','Notice','2021-01-14',300,0),(6,'2021-01-01 09:01:00','60651','Notice','2021-01-14',120,0),(7,'2021-01-01 09:01:00','60546','Notice','2021-01-14',120,0),(8,'2021-01-01 09:01:00','60617','Paid','2021-03-11',0,100),(9,'2021-01-01 09:01:00','','Paid','2021-01-07',0,60),(10,'2021-01-01 09:01:00','60707','Paid','2021-03-01',0,100),(11,'2021-01-01 09:01:00','85201','Warning','2021-01-10',0,0),(12,'2021-01-01 09:02:00','60626','Paid','2021-02-08',0,100),(13,'2021-01-01 09:03:00','60623','Notice','2021-01-14',146.4,0),(14,'2021-01-01 09:03:00','60184','Notice','2021-01-14',200,0),(15,'2021-01-01 09:03:00','60651','Paid','2021-02-10',0,100),(16,'2021-01-01 09:04:00','60068','Paid','2021-01-22',0,100),(17,'2021-01-01 09:04:00','60638','Paid','2021-03-17',0,100),(18,'2021-01-01 09:05:00','60637','Notice','2021-02-01',150,0),(19,'2021-01-01 09:05:00','60644','Notice','2021-01-14',200,0),(20,'2021-01-01 09:05:00','60070','Paid','2021-01-27',0,100),(21,'2021-01-01 09:05:00','60630','Paid','2021-03-19',0,100),(22,'2021-01-01 09:06:00','60623','Dismissed','2021-03-01',0,0),(23,'2021-01-01 09:06:00','60649','Warning','2021-01-17',0,0),(24,'2021-01-01 09:06:00','60613','Paid','2021-04-09',0,70),(25,'2021-01-01 09:06:00','60640','Paid','2021-02-22',0,100),(26,'2021-01-01 09:07:00','60177','Paid','2021-01-21',0,100),(27,'2021-01-01 09:08:00','60056','Warning','2021-01-17',0,0),(28,'2021-01-01 09:08:00','60613','Paid','2021-02-01',0,100),(29,'2021-01-01 09:09:00','60402','Paid','2021-01-26',0,200),(30,'2021-01-01 09:09:00','60402','Paid','2021-01-13',0,60),(31,'2021-01-01 09:09:00','60628','Warning','2021-01-17',0,0),(32,'2021-01-01 09:09:00','60623','Notice','2021-06-01',120,0),(33,'2021-01-01 09:09:00','60623','Notice','2021-01-14',120,0),(34,'2021-01-01 09:09:00','60637','Notice','2021-01-14',150,0),(35,'2021-01-01 09:10:00','76544','Notice','2021-01-20',200,0),(36,'2021-01-01 09:10:00','60641','Paid','2021-02-08',0,60),(37,'2021-01-01 09:11:00','60619','Paid','2021-03-15',0,100),(38,'2021-01-01 09:11:00','60411','Notice','2021-01-14',150,0),(39,'2021-01-01 09:11:00','60141','Paid','2021-01-29',0,60),(40,'2021-01-01 09:11:00','60540','Dismissed','2021-03-04',0,0),(41,'2021-01-01 09:11:00','60637','Paid','2021-03-02',0,35),(42,'2021-01-01 09:11:00','60644','Notice','2021-01-14',175,25),(43,'2021-01-01 09:11:00','60618','Warning','2021-01-17',0,0),(44,'2021-01-01 09:11:00','60617','Paid','2021-02-02',0,35),(45,'2021-01-01 09:11:00','60620','Warning','2021-01-17',0,0),(46,'2021-01-01 09:12:00','60623','Notice','2021-01-14',120,0),(47,'2021-01-01 09:12:00','60610','Paid','2021-04-01',0,100),(48,'2021-01-01 09:12:00','60620','Paid','2021-03-08',0,200),(49,'2021-01-01 09:13:00','','Define','2021-01-11',250,0),(50,'2021-01-01 09:13:00','60639','Paid','2021-03-01',0,100),(51,'2021-01-01 09:13:00','60540','Dismissed','2021-03-04',0,0),(52,'2021-01-01 09:14:00','60623','Paid','2021-01-18',0,60),(53,'2021-01-01 09:14:00','60620','Paid','2021-02-11',0,35),(54,'2021-01-01 09:14:00','60031','Warning','2021-01-17',0,0),(55,'2021-01-01 09:14:00','60634','Paid','2021-02-03',0,100),(56,'2021-01-01 09:14:00','60438','Warning','2021-01-17',0,0),(57,'2021-01-01 09:15:00','60419','Notice','2021-01-14',244,0),(58,'2021-01-01 09:15:00','60628','Paid','2021-01-29',0,100),(59,'2021-01-01 09:15:00','60064','Paid','2021-02-27',0,100),(60,'2021-01-01 09:15:00','60419','Notice','2021-01-14',146.4,0),(61,'2021-01-01 09:16:00','43221','Paid','2021-02-07',0,100),(62,'2021-01-01 09:16:00','60623','Dismissed','2021-03-01',0,0),(63,'2021-01-01 09:17:00','60639','Define','2021-01-11',60,0),(64,'2021-01-01 09:17:00','60640','Paid','2021-02-10',0,100),(65,'2021-01-01 09:17:00','60612','Paid','2021-02-16',0,100),(66,'2021-01-01 09:17:00','52003','Paid','2021-06-08',0,200),(67,'2021-01-01 09:17:00','64083','Warning','2021-01-24',0,0),(68,'2021-01-01 09:18:00','60643','Notice','2021-01-14',200,0),(69,'2021-01-01 09:18:00','85201','Warning','2021-01-10',0,0),(70,'2021-01-01 09:19:00','60624','Dismissed','2021-03-01',0,0),(71,'2021-01-01 09:19:00','60707','Paid','2021-02-09',0,100),(72,'2021-01-01 09:19:00','60618','Paid','2021-05-04',0,120),(73,'2021-01-01 09:20:00','60523','Paid','2021-01-26',0,100),(74,'2021-01-01 09:20:00','60706','Warning','2021-01-17',0,0),(75,'2021-01-01 09:20:00','60612','Paid','2021-02-22',0,100),(76,'2021-01-01 09:21:00','60636','Notice','2021-01-14',120,0),(77,'2021-01-01 09:21:00','60636','Notice','2021-01-14',250,0),(78,'2021-01-01 09:21:00','60655','Paid','2021-03-14',0,100),(79,'2021-01-01 09:21:00','60647','Paid','2021-05-19',0,200),(80,'2021-01-01 09:21:00','','Define','2021-01-12',60,0),(81,'2021-01-01 09:22:00','60050','Paid','2021-02-20',0,100),(82,'2021-01-01 09:22:00','60634','Paid','2021-01-24',0,150),(83,'2021-01-01 09:23:00','61102','Notice','2021-01-14',120,0),(84,'2021-01-01 09:23:00','60623','Paid','2021-02-13',0,100),(85,'2021-01-01 09:23:00','60620','Warning','2021-01-17',0,0),(86,'2021-01-01 09:24:00','60623','Dismissed','2021-02-09',0,0),(87,'2021-01-01 09:24:00','60644','Warning','2021-01-17',0,0),(88,'2021-01-01 09:24:00','60438','Warning','2021-01-17',0,0),(89,'2021-01-01 09:24:00','60660','Warning','2021-01-17',0,0),(90,'2021-01-01 09:24:00','77017','Paid','2021-03-18',0,100),(91,'2021-01-01 09:25:00','60636','Paid','2021-03-26',0,250),(92,'2021-01-01 09:25:00','60634','Notice','2021-01-14',200,0),(93,'2021-01-01 09:25:00','60653','Notice','2021-01-14',200,0),(94,'2021-01-01 09:25:00','60623','Dismissed','2021-03-01',0,0),(95,'2021-01-01 09:27:00','60619','Notice','2021-02-01',150,0),(96,'2021-01-01 09:27:00','60629','Paid','2021-02-15',0,100),(97,'2021-01-01 09:27:00','60619','Paid','2021-03-04',0,100),(98,'2021-01-01 09:27:00','60805','Warning','2021-01-17',0,0),(99,'2021-01-01 09:28:00','60621','Define','2021-01-11',200,0),(100,'2021-01-01 09:28:00','60632','Warning','2021-01-17',0,0),(101,'2021-01-01 09:28:00','60632','Paid','2021-01-30',0,100),(102,'2021-01-01 09:28:00','60016','Paid','2021-03-03',0,35),(103,'2021-01-01 09:28:00','60612','Paid','2021-05-21',0,200),(104,'2021-01-01 09:28:00','60607','Paid','2021-02-16',0,35),(105,'2021-01-01 09:29:00','60623','Dismissed','2021-03-01',0,0),(106,'2021-01-01 09:29:00','60659','Notice','2021-01-14',70,0),(107,'2021-01-01 09:29:00','60620','Notice','2021-01-14',200,0),(108,'2021-01-01 09:29:00','60619','Notice','2021-02-01',120,0),(109,'2021-01-01 09:30:00','60617','Dismissed','2021-03-01',0,0),(110,'2021-01-01 09:30:00','60402','Notice','2021-01-14',150,0),(111,'2021-01-01 09:30:00','60402','Notice','2021-01-14',120,0),(112,'2021-01-01 09:31:00','60657','Paid','2021-03-01',0,35),(113,'2021-01-01 09:31:00','60628','Paid','2021-05-02',0,200),(114,'2021-01-01 09:31:00','60612','Notice','2021-01-07',120,0),(115,'2021-01-01 09:32:00','60302','Paid','2021-04-21',0,200),(116,'2021-01-01 09:33:00','60123','Warning','2021-01-17',0,0),(117,'2021-01-01 09:34:00','60608','Warning','2021-01-17',0,0),(118,'2021-01-01 09:35:00','60628','Warning','2021-02-07',0,0),(119,'2021-01-01 09:35:00','60649','Notice','2021-02-01',150,0),(120,'2021-01-01 09:36:00','','Dismissed','2021-01-12',0,0),(121,'2021-01-01 09:36:00','60632','Warning','2021-01-17',0,0),(122,'2021-01-01 09:36:00','60455','Notice','2021-01-14',120,0),(123,'2021-01-01 09:38:00','60428','Notice','2021-02-01',50,0),(124,'2021-01-01 09:38:00','60639','Paid','2021-02-26',0,100),(125,'2021-01-01 09:38:00','60649','Notice','2021-02-01',120,0),(126,'2021-01-01 09:39:00','60607','Paid','2021-02-27',0,60),(127,'2021-01-01 09:39:00','60164','Warning','2021-01-17',0,0),(128,'2021-01-01 09:39:00','60640','Paid','2021-01-28',0,100),(129,'2021-01-01 09:41:00','60623','Paid','2021-05-28',0,120),(130,'2021-01-01 09:41:00','60624','Notice','2021-01-14',200,0),(131,'2021-01-01 09:41:00','60643','Notice','2021-01-14',200,0),(132,'2021-01-01 09:41:00','60706','Paid','2021-02-16',0,35),(133,'2021-01-01 09:42:00','60644','Notice','2021-01-14',120,0),(134,'2021-01-01 09:42:00','60426','Notice','2021-01-14',200,0),(135,'2021-01-01 09:42:00','60642','Paid','2021-03-08',0,100),(136,'2021-01-01 09:42:00','60632','Warning','2021-01-17',0,0),(137,'2021-01-01 09:42:00','60629','Paid','2021-02-27',0,100),(138,'2021-01-01 09:43:00','60649','Warning','2021-02-07',0,0),(139,'2021-01-01 09:43:00','46322','Warning','2021-01-17',0,0),(140,'2021-01-01 09:43:00','60463','Warning','2021-01-17',0,0),(141,'2021-01-01 09:43:00','60623','Paid','2021-03-15',0,35),(142,'2021-01-01 09:43:00','60610','Paid','2021-05-07',0,200),(143,'2021-01-01 09:44:00','60402','Warning','2021-01-17',0,0),(144,'2021-01-01 09:44:00','60401','Dismissed','2021-03-01',0,0),(145,'2021-01-01 09:44:00','60623','Dismissed','2021-02-17',0,0),(146,'2021-01-01 09:45:00','60409','Paid','2021-02-19',0,100),(147,'2021-01-01 09:45:00','60624','Warning','2021-01-17',0,0),(148,'2021-01-01 09:45:00','60621','Paid','2021-01-27',0,150),(149,'2021-01-01 09:46:00','60712','Notice','2021-01-14',120,0),(150,'2021-01-01 09:46:00','74134','Warning','2021-01-10',0,0),(151,'2021-01-01 09:47:00','60617','Warning','2021-03-21',0,0),(152,'2021-01-01 09:48:00','60501','Warning','2021-01-17',0,0),(153,'2021-01-01 09:48:00','60630','Warning','2021-01-17',0,0),(154,'2021-01-01 09:49:00','60022','Dismissed','2021-01-19',0,0),(155,'2021-01-01 09:49:00','60612','Notice','2021-01-14',200,0),(156,'2021-01-01 09:50:00','60302','Warning','2021-01-17',0,0),(157,'2021-01-01 09:51:00','60615','Warning','2021-01-17',0,0),(158,'2021-01-01 09:51:00','60538','Paid','2021-05-17',0,200),(159,'2021-01-01 09:51:00','60016','Paid','2021-02-09',0,100),(160,'2021-01-01 09:51:00','60625','Paid','2021-03-09',0,35),(161,'2021-01-01 09:52:00','60653','Paid','2021-03-03',0,100),(162,'2021-01-01 09:52:00','60630','Notice','2021-01-14',70,0),(163,'2021-01-01 09:52:00','60617','Notice','2021-01-14',200,0),(164,'2021-01-01 09:52:00','60615','Warning','2021-01-17',0,0),(165,'2021-01-01 09:52:00','60636','Warning','2021-01-17',0,0),(166,'2021-01-01 09:52:00','60077','Paid','2021-02-14',0,100),(167,'2021-01-01 09:52:00','60462','Paid','2021-01-30',0,35),(168,'2021-01-01 09:52:00','60619','Notice','2021-01-14',200,0),(169,'2021-01-01 09:53:00','60643','Warning','2021-01-17',0,0),(170,'2021-01-01 09:53:00','60516','Paid','2021-03-18',0,100),(171,'2021-01-01 09:53:00','60005','Paid','2021-02-08',0,35),(172,'2021-01-01 09:54:00','60608','Paid','2021-01-22',0,35),(173,'2021-01-01 09:54:00','60617','Notice','2021-01-14',200,0),(174,'2021-01-01 09:54:00','60637','Warning','2021-01-17',0,0),(175,'2021-01-01 09:55:00','60440','Warning','2021-01-17',0,0),(176,'2021-01-01 09:55:00','60621','Notice','2021-02-01',300,0),(177,'2021-01-01 09:55:00','60630','Warning','2021-01-17',0,0),(178,'2021-01-01 09:55:00','60435','Notice','2021-01-14',200,0),(179,'2021-01-01 09:56:00','60639','Notice','2021-01-14',200,0),(180,'2021-01-01 09:56:00','60608','Paid','2021-01-18',0,100),(181,'2021-01-01 09:57:00','60639','Warning','2021-01-17',0,0),(182,'2021-01-01 09:57:00','60714','Warning','2021-01-17',0,0),(183,'2021-01-01 09:57:00','60614','Dismissed','2021-02-24',0,0),(184,'2021-01-01 09:57:00','60514','Paid','2021-01-23',0,100),(185,'2021-01-01 09:58:00','77067','Warning','2021-01-24',0,0),(186,'2021-01-01 09:58:00','60615','Paid','2021-02-08',0,100),(187,'2021-01-01 09:58:00','60804','Notice','2021-01-14',200,0),(188,'2021-01-01 09:58:00','60163','Warning','2021-01-17',0,0),(189,'2021-01-01 09:58:00','60607','Paid','2021-04-06',0,200),(190,'2021-01-01 09:59:00','60628','Paid','2021-02-12',0,100),(191,'2021-01-01 09:59:00','60101','Paid','2021-02-02',0,100),(192,'2021-01-01 10:00:00','60623','Notice','2021-01-14',300,0),(193,'2021-01-01 10:00:00','20772','Paid','2021-02-25',0,100),(194,'2021-01-01 10:00:00','60623','Notice','2021-01-14',120,0),(195,'2021-01-01 10:01:00','60618','Paid','2021-02-18',0,100),(196,'2021-01-01 10:01:00','60607','Warning','2021-01-17',0,0),(197,'2021-01-01 10:02:00','52233','Notice','2021-01-07',200,0),(198,'2021-01-01 10:02:00','60632','Paid','2021-03-04',0,100),(199,'2021-01-01 10:03:00','60452','Notice','2021-01-14',200,0),(200,'2021-01-01 10:03:00','60623','Paid','2021-03-15',0,60),(201,'2021-01-01 10:04:00','60653','Notice','2021-01-14',200,0),(202,'2021-01-01 10:05:00','60639','Paid','2021-04-17',0,200),(203,'2021-01-01 10:06:00','60622','Warning','2021-01-17',0,0),(204,'2021-01-01 10:06:00','60620','Notice','2021-01-14',70,0),(205,'2021-01-01 10:06:00','60443','Notice','2021-01-14',200,0),(206,'2021-01-01 10:06:00','60649','Warning','2021-01-17',0,0),(207,'2021-01-01 10:06:00','60612','Paid','2021-04-26',0,100),(208,'2021-01-01 10:07:00','60636','Paid','2021-02-16',0,150),(209,'2021-01-01 10:07:00','60643','Paid','2021-02-01',0,100),(210,'2021-01-01 10:07:00','60628','Paid','2021-02-09',0,100),(211,'2021-01-01 10:07:00','60624','Notice','2021-01-14',120,0),(212,'2021-01-01 10:08:00','60565','Notice','2021-01-14',200,0),(213,'2021-01-01 10:08:00','','Define','2021-01-14',150,0),(214,'2021-01-01 10:09:00','60426','Notice','2021-01-14',120,0),(215,'2021-01-01 10:09:00','60624','Paid','2021-03-19',0,100),(216,'2021-01-01 10:09:00','60423','Notice','2021-03-03',200,0),(217,'2021-01-01 10:10:00','60623','Notice','2021-01-14',120,0),(218,'2021-01-01 10:10:00','60617','Paid','2021-03-07',0,100),(219,'2021-01-01 10:10:00','60643','Notice','2021-01-14',200,0),(220,'2021-01-01 10:10:00','60302','Paid','2021-02-16',0,100),(221,'2021-01-01 10:10:00','60016','Warning','2021-01-17',0,0),(222,'2021-01-01 10:10:00','60615','Paid','2021-02-08',0,100),(223,'2021-01-01 10:10:00','60653','Notice','2021-01-14',200,0),(224,'2021-01-01 10:10:00','60477','Paid','2021-02-08',0,100),(225,'2021-01-01 10:10:00','60628','Paid','2021-05-21',0,100),(226,'2021-01-01 10:11:00','60440','Dismissed','2021-03-01',0,0),(227,'2021-01-01 10:11:00','60616','Dismissed','2021-03-01',0,0),(228,'2021-01-01 10:11:00','60459','Warning','2021-01-17',0,0),(229,'2021-01-01 10:11:00','75220','Notice','2021-01-20',200,0),(230,'2021-01-01 10:11:00','60625','Paid','2021-03-30',0,70),(231,'2021-01-01 10:12:00','60619','Dismissed','2021-03-01',0,0),(232,'2021-01-01 10:12:00','60619','Notice','2021-02-01',250,0),(233,'2021-01-01 10:12:00','60647','Paid','2021-01-22',0,100),(234,'2021-01-01 10:12:00','60617','Warning','2021-01-31',0,0),(235,'2021-01-01 10:12:00','60623','Notice','2021-01-14',120,0),(236,'2021-01-01 10:13:00','60623','Dismissed','2021-03-01',0,0),(237,'2021-01-01 10:13:00','60649','Notice','2021-01-14',120,0),(238,'2021-01-01 10:13:00','60616','Paid','2021-01-22',0,200),(239,'2021-01-01 10:13:00','61822','Warning','2021-01-17',0,0),(240,'2021-01-01 10:13:00','60636','Paid','2021-01-28',0,35),(241,'2021-01-01 10:13:00','60620','Paid','2021-03-15',0,100),(242,'2021-01-01 10:13:00','60056','Warning','2021-01-17',0,0),(243,'2021-01-01 10:13:00','60645','Notice','2021-01-14',200,0),(244,'2021-01-01 10:13:00','60643','Notice','2021-01-14',200,0),(245,'2021-01-01 10:13:00','60620','Paid','2021-03-08',0,100),(246,'2021-01-01 10:13:00','60612','Warning','2021-01-17',0,0),(247,'2021-01-01 10:14:00','60616','Notice','2021-01-21',114.62,5.38),(248,'2021-01-01 10:14:00','60618','Paid','2021-02-11',0,100),(249,'2021-01-01 10:14:00','53216','Warning','2021-01-24',0,0),(250,'2021-01-01 10:15:00','60466','Paid','2021-04-01',0,60),(251,'2021-01-01 10:16:00','60478','Warning','2021-01-17',0,0),(252,'2021-01-01 10:16:00','60428','Notice','2021-01-14',200,0),(253,'2021-01-01 10:16:00','60616','Paid','2021-02-08',0,100),(254,'2021-01-01 10:16:00','60617','Paid','2021-04-02',0,200),(255,'2021-01-01 10:16:00','60056','Notice','2021-01-14',70,0),(256,'2021-01-01 10:17:00','61074','Warning','2021-01-17',0,0),(257,'2021-01-01 10:17:00','60628','Paid','2021-02-12',0,100),(258,'2021-01-01 10:17:00','60649','Paid','2021-01-24',0,35),(259,'2021-01-01 10:17:00','60601','Paid','2021-02-01',0,100),(260,'2021-01-01 10:17:00','60827','Notice','2021-01-14',200,0),(261,'2021-01-01 10:17:00','60445','Notice','2021-01-14',100,0),(262,'2021-01-01 10:17:00','60477','Notice','2021-01-14',200,0),(263,'2021-01-01 10:18:00','','Dismissed','2021-03-01',0,0),(264,'2021-01-01 10:18:00','61761','Warning','2021-01-17',0,0),(265,'2021-01-01 10:18:00','60103','Warning','2021-01-17',0,0),(266,'2021-01-01 10:19:00','60655','Paid','2021-02-08',0,100),(267,'2021-01-01 10:20:00','','Hearing Req','2021-02-18',60,0),(268,'2021-01-01 10:20:00','60706','Notice','2021-01-14',200,0),(269,'2021-01-01 10:20:00','60623','Paid','2021-01-21',0,60),(270,'2021-01-01 10:20:00','','Hearing Req','2021-02-18',200,0),(271,'2021-01-01 10:21:00','60712','Warning','2021-01-17',0,0),(272,'2021-01-01 10:21:00','60629','Notice','2021-01-14',200,0),(273,'2021-01-01 10:21:00','60620','Dismissed','2021-03-01',0,0),(274,'2021-01-01 10:22:00','60615','Paid','2021-01-31',0,100),(275,'2021-01-01 10:22:00','60950','Notice','2021-01-14',200,0),(276,'2021-01-01 10:22:00','60614','Warning','2021-01-17',0,0),(277,'2021-01-01 10:23:00','60616','Paid','2021-04-27',0,120),(278,'2021-01-01 10:23:00','60625','Warning','2021-01-17',0,0),(279,'2021-01-01 10:23:00','60641','Paid','2021-03-08',0,60),(280,'2021-01-01 10:23:00','60010','Paid','2021-02-11',0,100),(281,'2021-01-01 10:24:00','60656','Warning','2021-01-17',0,0),(282,'2021-01-01 10:24:00','60169','Warning','2021-01-17',0,0),(283,'2021-01-01 10:24:00','60612','Warning','2021-01-17',0,0),(284,'2021-01-01 10:25:00','60616','Dismissed','2021-03-01',0,0),(285,'2021-01-01 10:25:00','60632','Paid','2021-02-04',0,75),(286,'2021-01-01 10:25:00','60527','Notice','2021-01-14',200,0),(287,'2021-01-01 10:26:00','60615','Notice','2021-02-01',120,0),(288,'2021-01-01 10:26:00','60477','Notice','2021-01-14',200,0),(289,'2021-01-01 10:26:00','53218','Paid','2021-03-29',0,100),(290,'2021-01-01 10:27:00','60419','Notice','2021-01-14',200,0),(291,'2021-01-01 10:27:00','60614','Paid','2021-03-12',0,100),(292,'2021-01-01 10:27:00','60629','Notice','2021-01-14',200,0),(293,'2021-01-01 10:28:00','60616','Dismissed','2021-03-01',0,0),(294,'2021-01-01 10:28:00','60614','Paid','2021-02-10',0,100),(295,'2021-01-01 10:28:00','60641','Notice','2021-01-21',300,0),(296,'2021-01-01 10:28:00','60653','Notice','2021-02-01',300,0),(297,'2021-01-01 10:28:00','60155','Notice','2021-01-14',200,0),(298,'2021-01-01 10:28:00','60649','Warning','2021-01-17',0,0),(299,'2021-01-01 10:28:00','60617','Paid','2021-02-01',0,100),(300,'2021-01-01 10:28:00','60657','Paid','2021-02-09',0,100),(301,'2021-01-01 10:28:00','60647','Paid','2021-01-28',0,100),(302,'2021-01-01 10:28:00','60304','Warning','2021-01-17',0,0),(303,'2021-01-01 10:29:00','60645','Paid','2021-02-08',0,100),(304,'2021-01-01 10:29:00','60614','Paid','2021-03-03',0,35),(305,'2021-01-01 10:30:00','60616','Dismissed','2021-03-18',0,0),(306,'2021-01-01 10:30:00','60453','Paid','2021-03-03',0,100),(307,'2021-01-01 10:30:00','60612','Notice','2021-04-22',500,0),(308,'2021-01-01 10:30:00','60712','Paid','2021-02-01',0,100),(309,'2021-01-01 10:30:00','44256','Paid','2021-02-19',0,60),(310,'2021-01-01 10:30:00','60601','Paid','2021-02-04',0,100),(311,'2021-01-01 10:30:00','60639','Paid','2021-05-06',0,100),(312,'2021-01-01 10:31:00','60632','Notice','2021-02-01',200,0),(313,'2021-01-01 10:31:00','60642','Notice','2021-01-21',250,0),(314,'2021-01-01 10:31:00','60653','Paid','2021-01-26',0,100),(315,'2021-01-01 10:32:00','60617','Notice','2021-01-14',244,0),(316,'2021-01-01 10:32:00','60642','Dismissed','2021-03-01',0,0),(317,'2021-01-01 10:33:00','60619','Paid','2021-03-08',0,60),(318,'2021-01-01 10:33:00','46637','Notice','2021-01-14',70,0),(319,'2021-01-01 10:33:00','60629','Warning','2021-01-17',0,0),(320,'2021-01-01 10:34:00','60433','Warning','2021-01-17',0,0),(321,'2021-01-01 10:34:00','60653','Paid','2021-02-12',0,100),(322,'2021-01-01 10:35:00','60637','Notice','2021-02-01',120,0),(323,'2021-01-01 10:35:00','60637','Dismissed','2021-02-05',0,0),(324,'2021-01-01 10:35:00','60625','Notice','2021-01-14',200,0),(325,'2021-01-01 10:35:00','60625','Paid','2021-01-18',0,100),(326,'2021-01-01 10:36:00','60402','Paid','2021-06-01',0,200),(327,'2021-01-01 10:36:00','80538','Warning','2021-01-24',0,0),(328,'2021-01-01 10:37:00','60652','Notice','2021-02-01',233.32,66.68),(329,'2021-01-01 10:37:00','60641','Warning','2021-01-17',0,0),(330,'2021-01-01 10:37:00','60608','Paid','2021-02-18',0,250),(331,'2021-01-01 10:37:00','60618','Notice','2021-01-14',70,0),(332,'2021-01-01 10:37:00','60035','Paid','2021-03-17',0,100),(333,'2021-01-01 10:37:00','60653','Paid','2021-01-26',0,100),(334,'2021-01-01 10:38:00','60624','Notice','2021-06-29',0,0),(335,'2021-01-01 10:38:00','60089','Paid','2021-01-23',0,60),(336,'2021-01-01 10:38:00','60089','Paid','2021-01-23',0,150),(337,'2021-01-01 10:38:00','60563','Notice','2021-01-14',200,0),(338,'2021-01-01 10:38:00','60644','Notice','2021-01-14',200,0),(339,'2021-01-01 10:38:00','46383','Warning','2021-01-17',0,0),(340,'2021-01-01 10:38:00','60426','Warning','2021-01-17',0,0),(341,'2021-01-01 10:38:00','60634','Notice','2021-01-14',200,0),(342,'2021-01-01 10:38:00','60632','Notice','2021-01-14',70,0),(343,'2021-01-01 10:39:00','60616','Paid','2021-06-08',0,120),(344,'2021-01-01 10:39:00','60660','Paid','2021-02-09',0,100),(345,'2021-01-01 10:39:00','60430','Paid','2021-02-10',0,100),(346,'2021-01-01 10:40:00','60613','Paid','2021-01-29',0,100),(347,'2021-01-01 10:40:00','46410','Notice','2021-01-14',200,0),(348,'2021-01-01 10:40:00','60622','Paid','2021-01-19',0,60),(349,'2021-01-01 10:40:00','60104','Notice','2021-01-14',120,0),(350,'2021-01-01 10:41:00','60099','Dismissed','2021-03-01',0,0),(351,'2021-01-01 10:41:00','98107','Warning','2021-01-24',0,0),(352,'2021-01-01 10:41:00','60629','Paid','2021-01-21',0,100),(353,'2021-01-01 10:41:00','60623','Warning','2021-01-17',0,0),(354,'2021-01-01 10:41:00','60631','Warning','2021-01-17',0,0),(355,'2021-01-01 10:42:00','','Dismissed','2021-01-14',0,0),(356,'2021-01-01 10:42:00','60652','Warning','2021-01-17',0,0),(357,'2021-01-01 10:42:00','60409','Warning','2021-01-17',0,0),(358,'2021-01-01 10:43:00','60624','Notice','2021-01-14',200,0),(359,'2021-01-01 10:43:00','60601','Paid','2021-02-11',0,100),(360,'2021-01-01 10:43:00','60623','Paid','2021-01-26',0,100),(361,'2021-01-01 10:44:00','60643','Notice','2021-01-14',200,0),(362,'2021-01-01 10:45:00','60478','Notice','2021-01-21',120,0),(363,'2021-01-01 10:45:00','60636','Paid','2021-03-22',0,35),(364,'2021-01-01 10:45:00','46312','Notice','2021-01-14',200,0),(365,'2021-01-01 10:45:00','48170','Warning','2021-02-21',0,0),(366,'2021-01-01 10:45:00','60618','Warning','2021-01-17',0,0),(367,'2021-01-01 10:46:00','60647','Warning','2021-01-17',0,0),(368,'2021-01-01 10:46:00','60108','Notice','2021-02-08',120,0),(369,'2021-01-01 10:46:00','60644','Paid','2021-04-08',0,200),(370,'2021-01-01 10:46:00','','Paid','2021-01-14',0,75),(371,'2021-01-01 10:46:00','60707','Warning','2021-01-17',0,0),(372,'2021-01-01 10:47:00','60653','Paid','2021-01-17',0,100),(373,'2021-01-01 10:47:00','60605','Dismissed','2021-03-01',0,0),(374,'2021-01-01 10:48:00','60018','Paid','2021-02-08',0,35),(375,'2021-01-01 10:48:00','60614','Paid','2021-01-27',0,100),(376,'2021-01-01 10:48:00','78749','Warning','2021-01-24',0,0),(377,'2021-01-01 10:49:00','60459','Paid','2021-03-16',0,100),(378,'2021-01-01 10:49:00','60644','Warning','2021-01-17',0,0),(379,'2021-01-01 10:50:00','60645','Paid','2021-02-14',0,60),(380,'2021-01-01 10:50:00','46410','Notice','2021-01-14',200,0),(381,'2021-01-01 10:50:00','60402','Paid','2021-01-29',0,100),(382,'2021-01-01 10:51:00','60608','Paid','2021-02-27',0,75),(383,'2021-01-01 10:51:00','60018','Paid','2021-01-20',0,100),(384,'2021-01-01 10:51:00','60641','Notice','2021-01-14',150,0),(385,'2021-01-01 10:52:00','53406','Notice','2021-01-20',200,0),(386,'2021-01-01 10:52:00','60649','Notice','2021-03-17',200,0),(387,'2021-01-01 10:52:00','60491','Paid','2021-02-11',0,100),(388,'2021-01-01 10:52:00','23462','Warning','2021-01-10',0,0),(389,'2021-01-01 10:53:00','60099','Dismissed','2021-03-01',0,0),(390,'2021-01-01 10:53:00','60628','Notice','2021-01-14',200,0),(391,'2021-01-01 10:53:00','60644','Notice','2021-01-14',120,0),(392,'2021-01-01 10:53:00','60644','Notice','2021-01-14',300,0),(393,'2021-01-01 10:53:00','60181','Paid','2021-02-06',0,150),(394,'2021-01-01 10:54:00','60616','Paid','2021-03-03',0,100),(395,'2021-01-01 10:54:00','74134','Warning','2021-01-10',0,0),(396,'2021-01-01 10:55:00','60103','Paid','2021-03-01',0,100),(397,'2021-01-01 10:56:00','60637','Notice','2021-01-14',70,0),(398,'2021-01-01 10:56:00','60624','Notice','2021-01-14',200,0),(399,'2021-01-01 10:56:00','60660','Dismissed','2021-03-01',0,0),(400,'2021-01-01 10:57:00','60419','Warning','2021-01-17',0,0),(401,'2021-01-01 10:57:00','60477','Paid','2021-02-03',0,100),(402,'2021-01-01 10:57:00','60637','Warning','2021-01-17',0,0),(403,'2021-01-01 10:58:00','60616','Paid','2021-03-16',0,100),(404,'2021-01-01 10:58:00','60102','Warning','2021-01-17',0,0),(405,'2021-01-01 10:59:00','60625','Paid','2021-03-30',0,200),(406,'2021-01-01 10:59:00','60608','Dismissed','2021-01-15',0,0),(407,'2021-01-01 10:59:00','60419','Notice','2021-01-14',200,0),(408,'2021-01-01 11:00:00','60628','Dismissed','2021-03-01',0,0),(409,'2021-01-01 11:00:00','60613','Paid','2021-02-11',0,100),(410,'2021-01-01 11:00:00','60623','Warning','2021-01-17',0,0),(411,'2021-01-01 11:01:00','60640','Paid','2021-02-13',0,35),(412,'2021-01-01 11:01:00','60629','Warning','2021-01-17',0,0),(413,'2021-01-01 11:02:00','60651','Paid','2021-02-25',0,100),(414,'2021-01-01 11:02:00','60641','Notice','2021-01-14',200,0),(415,'2021-01-01 11:02:00','60804','Paid','2021-02-02',0,100),(416,'2021-01-01 11:03:00','60645','Notice','2021-01-14',244,0),(417,'2021-01-01 11:03:00','60640','Paid','2021-01-27',0,35),(418,'2021-01-01 11:03:00','60628','Paid','2021-03-31',0,200),(419,'2021-01-01 11:03:00','60647','Paid','2021-05-28',0,100),(420,'2021-01-01 11:03:00','60624','Notice','2021-01-14',200,0),(421,'2021-01-01 11:03:00','60618','Paid','2021-02-25',0,100),(422,'2021-01-01 11:04:00','60827','Paid','2021-04-07',0,200),(423,'2021-01-01 11:04:00','60651','Paid','2021-04-28',0,200),(424,'2021-01-01 11:04:00','60123','Paid','2021-02-24',0,75),(425,'2021-01-01 11:04:00','60639','Paid','2021-04-17',0,200),(426,'2021-01-01 11:04:00','60634','Paid','2021-03-08',0,100),(427,'2021-01-01 11:05:00','60644','Warning','2021-01-17',0,0),(428,'2021-01-01 11:05:00','60626','Paid','2021-02-22',0,75),(429,'2021-01-01 11:05:00','60619','Paid','2021-01-20',0,100),(430,'2021-01-01 11:06:00','60171','Warning','2021-01-17',0,0),(431,'2021-01-01 11:06:00','63114','Warning','2021-02-07',0,0),(432,'2021-01-01 11:06:00','60629','Paid','2021-03-14',0,100),(433,'2021-01-01 11:06:00','60076','Notice','2021-01-14',200,0),(434,'2021-01-01 11:06:00','60653','Paid','2021-02-03',0,35),(435,'2021-01-01 11:07:00','60641','Paid','2021-03-22',0,75),(436,'2021-01-01 11:07:00','62704','Warning','2021-01-17',0,0),(437,'2021-01-01 11:08:00','60523','Paid','2021-01-18',0,75),(438,'2021-01-01 11:08:00','60534','Notice','2021-01-14',200,0),(439,'2021-01-01 11:08:00','60202','Notice','2021-01-14',70,0),(440,'2021-01-01 11:09:00','60619','Paid','2021-05-05',0,200),(441,'2021-01-01 11:09:00','60008','Paid','2021-02-08',0,100),(442,'2021-01-01 11:09:00','60435','Paid','2021-05-18',0,200),(443,'2021-01-01 11:09:00','97201','Warning','2021-03-14',0,0),(444,'2021-01-01 11:09:00','60641','Paid','2021-03-01',0,75),(445,'2021-01-01 11:10:00','','Paid','2021-01-07',0,75),(446,'2021-01-01 11:11:00','46312','Paid','2021-03-01',0,75),(447,'2021-01-01 11:12:00','60153','Notice','2021-01-14',200,0),(448,'2021-01-01 11:12:00','60546','Paid','2021-02-11',0,100),(449,'2021-01-01 11:12:00','60623','Paid','2021-02-01',0,100),(450,'2021-01-01 11:13:00','60614','Paid','2021-02-01',0,100),(451,'2021-01-01 11:13:00','11218','Warning','2021-03-07',0,0),(452,'2021-01-01 11:13:00','60639','Paid','2021-05-06',0,150),(453,'2021-01-01 11:13:00','60609','Notice','2021-01-14',200,0),(454,'2021-01-01 11:13:00','60607','Paid','2021-02-03',0,35),(455,'2021-01-01 11:14:00','74134','Paid','2021-02-10',0,35),(456,'2021-01-01 11:14:00','60651','Warning','2021-01-17',0,0),(457,'2021-01-01 11:14:00','60644','Notice','2021-01-14',200,0),(458,'2021-01-01 11:14:00','60804','Paid','2021-02-23',0,75),(459,'2021-01-01 11:14:00','60618','Paid','2021-03-08',0,100),(460,'2021-01-01 11:15:00','60115','Warning','2021-01-17',0,0),(461,'2021-01-01 11:15:00','60426','Notice','2021-01-14',200,0),(462,'2021-01-01 11:15:00','60074','Warning','2021-01-17',0,0),(463,'2021-01-01 11:15:00','60022','Warning','2021-01-17',0,0),(464,'2021-01-01 11:16:00','46016','Notice','2021-01-14',150,0),(465,'2021-01-01 11:16:00','60608','Warning','2021-01-17',0,0),(466,'2021-01-01 11:16:00','60624','Paid','2021-01-25',0,100),(467,'2021-01-01 11:16:00','60067','Paid','2021-01-28',0,100),(468,'2021-01-01 11:16:00','60614','Paid','2021-01-29',0,100),(469,'2021-01-01 11:17:00','60660','Dismissed','2021-02-22',0,0),(470,'2021-01-01 11:18:00','46307','Paid','2021-04-14',0,75),(471,'2021-01-01 11:18:00','60193','Warning','2021-01-17',0,0),(472,'2021-01-01 11:18:00','60626','Notice','2021-01-14',200,0),(473,'2021-01-01 11:18:00','60804','Warning','2021-01-17',0,0),(474,'2021-01-01 11:18:00','60193','Paid','2021-02-10',0,100),(475,'2021-01-01 11:18:00','60636','Notice','2021-01-14',70,0),(476,'2021-01-01 11:19:00','60304','Paid','2021-02-01',0,35),(477,'2021-01-01 11:20:00','60659','Paid','2021-02-16',0,100),(478,'2021-01-01 11:20:00','60619','Warning','2021-01-17',0,0),(479,'2021-01-01 11:20:00','60656','Paid','2021-04-08',0,200),(480,'2021-01-01 11:20:00','60201','Notice','2021-01-26',244,0),(481,'2021-01-01 11:20:00','60622','Paid','2021-05-05',0,200),(482,'2021-01-01 11:20:00','60607','Paid','2021-04-06',0,70),(483,'2021-01-01 11:21:00','60617','Notice','2021-01-14',200,0),(484,'2021-01-01 11:21:00','60649','Notice','2021-01-14',200,0),(485,'2021-01-01 11:22:00','38344','Notice','2021-01-27',50,50),(486,'2021-01-01 11:22:00','98502','Warning','2021-01-31',0,0),(487,'2021-01-01 11:23:00','60609','Warning','2021-01-17',0,0),(488,'2021-01-01 11:23:00','60048','Paid','2021-02-08',0,100),(489,'2021-01-01 11:23:00','60628','Notice','2021-01-14',200,0),(490,'2021-01-01 11:24:00','60035','Paid','2021-01-27',0,100),(491,'2021-01-01 11:25:00','60646','Warning','2021-01-17',0,0),(492,'2021-01-01 11:25:00','60201','Paid','2021-02-08',0,100),(493,'2021-01-01 11:25:00','60406','Warning','2021-01-17',0,0),(494,'2021-01-01 11:26:00','60419','Paid','2021-03-17',0,75),(495,'2021-01-01 11:27:00','60639','Notice','2021-01-14',200,0),(496,'2021-01-01 11:27:00','60609','Paid','2021-02-15',0,100),(497,'2021-01-01 11:28:00','61822','Paid','2021-02-28',0,100),(498,'2021-01-01 11:28:00','60077','Paid','2021-01-27',0,100),(499,'2021-01-01 11:30:00','46405','Warning','2021-01-17',0,0),(500,'2021-01-01 11:30:00','60173','Notice','2021-01-14',200,0);
/*!40000 ALTER TABLE `tickets` ENABLE KEYS */;
UNLOCK TABLES;

--
-- Table structure for table `tickets_fines`
--

DROP TABLE IF EXISTS `tickets_fines`;
/*!40101 SET @saved_cs_client     = @@character_set_client */;
/*!50503 SET character_set_client = utf8mb4 */;
CREATE TABLE `tickets_fines` (
  `ticket_id` int NOT NULL,
  `fine_id` int NOT NULL,
  KEY `fine_id_idx` (`fine_id`),
  KEY `ticket_fine_fk` (`ticket_id`),
  CONSTRAINT `fine_ticket_fk` FOREIGN KEY (`fine_id`) REFERENCES `fines` (`fine_id`),
  CONSTRAINT `ticket_fine_fk` FOREIGN KEY (`ticket_id`) REFERENCES `tickets` (`ticket_id`)
) ENGINE=InnoDB DEFAULT CHARSET=utf8mb3;
/*!40101 SET character_set_client = @saved_cs_client */;

--
-- Dumping data for table `tickets_fines`
--

LOCK TABLES `tickets_fines` WRITE;
/*!40000 ALTER TABLE `tickets_fines` DISABLE KEYS */;
INSERT INTO `tickets_fines` VALUES (1,4),(2,2),(3,5),(4,5),(5,7),(6,3),(7,3),(8,5),(9,3),(10,5),(11,9),(12,5),(13,3),(14,5),(15,5),(16,5),(17,5),(18,4),(19,5),(20,5),(21,5),(22,3),(23,9),(24,2),(25,5),(26,5),(27,9),(28,5),(29,6),(30,3),(31,9),(32,3),(33,3),(34,4),(35,5),(36,3),(37,5),(38,4),(39,3),(40,7),(41,2),(42,5),(43,9),(44,2),(45,9),(46,3),(47,5),(48,6),(49,8),(50,5),(51,3),(52,3),(53,2),(54,9),(55,5),(56,9),(57,5),(58,5),(59,5),(60,3),(61,5),(62,3),(63,3),(64,5),(65,5),(66,5),(67,9),(68,5),(69,9),(70,3),(71,5),(72,3),(73,5),(74,9),(75,5),(76,3),(77,6),(78,5),(79,5),(80,3),(81,5),(82,7),(83,3),(84,5),(85,9),(86,3),(87,9),(88,9),(89,9),(90,5),(91,6),(92,5),(93,5),(94,3),(95,4),(96,5),(97,5),(98,9),(99,6),(100,9),(101,5),(102,2),(103,5),(104,2),(105,3),(106,2),(107,5),(108,3),(109,3),(110,4),(111,3),(112,2),(113,5),(114,3),(115,5),(116,9),(117,9),(118,9),(119,4),(120,3),(121,9),(122,3),(123,1),(124,5),(125,3),(126,3),(127,9),(128,5),(129,3),(130,5),(131,5),(132,2),(133,3),(134,5),(135,5),(136,9),(137,5),(138,9),(139,9),(140,9),(141,2),(142,5),(143,9),(144,3),(145,3),(146,5),(147,9),(148,7),(149,3),(150,9),(151,9),(152,9),(153,9),(154,5),(155,5),(156,9),(157,9),(158,5),(159,5),(160,2),(161,5),(162,2),(163,5),(164,9),(165,9),(166,5),(167,2),(168,5),(169,9),(170,5),(171,2),(172,2),(173,5),(174,9),(175,9),(176,7),(177,9),(178,5),(179,5),(180,5),(181,9),(182,9),(183,5),(184,5),(185,9),(186,5),(187,5),(188,9),(189,5),(190,5),(191,5),(192,7),(193,5),(194,3),(195,5),(196,9),(197,5),(198,5),(199,5),(200,3),(201,5),(202,5),(203,9),(204,2),(205,5),(206,9),(207,5),(208,7),(209,5),(210,5),(211,3),(212,5),(213,7),(214,3),(215,5),(216,5),(217,3),(218,5),(219,5),(220,5),(221,9),(222,5),(223,5),(224,5),(225,5),(226,3),(227,3),(228,9),(229,5),(230,2),(231,3),(232,6),(233,5),(234,9),(235,3),(236,3),(237,3),(238,6),(239,9),(240,2),(241,5),(242,9),(243,5),(244,5),(245,5),(246,9),(247,3),(248,5),(249,9),(250,3),(251,9),(252,5),(253,5),(254,5),(255,2),(256,9),(257,5),(258,2),(259,5),(260,5),(261,5),(262,5),(263,3),(264,9),(265,9),(266,5),(267,3),(268,5),(269,3),(270,6),(271,9),(272,5),(273,3),(274,5),(275,5),(276,9),(277,3),(278,9),(279,3),(280,5),(281,9),(282,9),(283,9),(284,3),(285,4),(286,5),(287,3),(288,5),(289,5),(290,5),(291,5),(292,5),(293,3),(294,5),(295,7),(296,7),(297,5),(298,9),(299,5),(300,5),(301,5),(302,9),(303,5),(304,2),(305,6),(306,5),(307,8),(308,5),(309,3),(310,5),(311,5),(312,5),(313,6),(314,5),(315,5),(316,3),(317,3),(318,2),(319,9),(320,9),(321,5),(322,3),(323,5),(324,5),(325,5),(326,5),(327,9),(328,7),(329,9),(330,8),(331,2),(332,5),(333,5),(334,9),(335,3),(336,7),(337,5),(338,5),(339,9),(340,9),(341,5),(342,2),(343,3),(344,5),(345,5),(346,5),(347,5),(348,3),(349,3),(350,3),(351,9),(352,5),(353,9),(354,9),(355,3),(356,9),(357,9),(358,5),(359,5),(360,5),(361,5),(362,3),(363,2),(364,5),(365,9),(366,9),(367,9),(368,3),(369,5),(370,4),(371,9),(372,5),(373,3),(374,2),(375,5),(376,9),(377,5),(378,9),(379,3),(380,5),(381,5),(382,4),(383,5),(384,4),(385,5),(386,5),(387,5),(388,9),(389,3),(390,5),(391,3),(392,7),(393,7),(394,5),(395,9),(396,5),(397,2),(398,5),(399,3),(400,9),(401,5),(402,9),(403,5),(404,9),(405,5),(406,7),(407,5),(408,3),(409,5),(410,9),(411,2),(412,9),(413,5),(414,5),(415,5),(416,5),(417,2),(418,5),(419,5),(420,5),(421,5),(422,5),(423,5),(424,4),(425,5),(426,5),(427,9),(428,4),(429,5),(430,9),(431,9),(432,5),(433,5),(434,2),(435,4),(436,9),(437,4),(438,5),(439,2),(440,5),(441,5),(442,5),(443,9),(444,4),(445,4),(446,4),(447,5),(448,5),(449,5),(450,5),(451,9),(452,4),(453,5),(454,2),(455,2),(456,9),(457,5),(458,4),(459,5),(460,9),(461,5),(462,9),(463,9),(464,4),(465,9),(466,5),(467,5),(468,5),(469,4),(470,4),(471,9),(472,5),(473,9),(474,5),(475,2),(476,2),(477,5),(478,9),(479,5),(480,5),(481,5),(482,2),(483,5),(484,5),(485,5),(486,9),(487,9),(488,5),(489,5),(490,5),(491,9),(492,5),(493,9),(494,4),(495,5),(496,5),(497,5),(498,5),(499,9),(500,5);
/*!40000 ALTER TABLE `tickets_fines` ENABLE KEYS */;
UNLOCK TABLES;

--
-- Table structure for table `tickets_hearings`
--

DROP TABLE IF EXISTS `tickets_hearings`;
/*!40101 SET @saved_cs_client     = @@character_set_client */;
/*!50503 SET character_set_client = utf8mb4 */;
CREATE TABLE `tickets_hearings` (
  `ticket_id` int NOT NULL,
  `hearing_id` int NOT NULL,
  KEY `hearing_id_idx` (`hearing_id`),
  KEY `ticket_id_idx` (`ticket_id`),
  CONSTRAINT `hearing_ticket_fk` FOREIGN KEY (`hearing_id`) REFERENCES `hearings` (`hearing_id`),
  CONSTRAINT `ticket_hearing_fk` FOREIGN KEY (`ticket_id`) REFERENCES `tickets` (`ticket_id`)
) ENGINE=InnoDB DEFAULT CHARSET=utf8mb3;
/*!40101 SET character_set_client = @saved_cs_client */;

--
-- Dumping data for table `tickets_hearings`
--

LOCK TABLES `tickets_hearings` WRITE;
/*!40000 ALTER TABLE `tickets_hearings` DISABLE KEYS */;
INSERT INTO `tickets_hearings` VALUES (1,1),(10,3),(21,3),(40,1),(51,2),(86,1),(145,1),(183,1),(216,3),(305,1),(323,1),(379,3),(396,3),(406,1),(419,3),(440,3),(459,3),(469,1),(480,3);
/*!40000 ALTER TABLE `tickets_hearings` ENABLE KEYS */;
UNLOCK TABLES;

--
-- Table structure for table `tickets_locations`
--

DROP TABLE IF EXISTS `tickets_locations`;
/*!40101 SET @saved_cs_client     = @@character_set_client */;
/*!50503 SET character_set_client = utf8mb4 */;
CREATE TABLE `tickets_locations` (
  `ticket_id` int NOT NULL,
  `location_id` int NOT NULL,
  KEY `location_id_idx` (`location_id`),
  KEY `ticket_location_fk` (`ticket_id`),
  CONSTRAINT `location_ticket_fk` FOREIGN KEY (`location_id`) REFERENCES `locations` (`location_id`),
  CONSTRAINT `ticket_location_fk` FOREIGN KEY (`ticket_id`) REFERENCES `tickets` (`ticket_id`)
) ENGINE=InnoDB DEFAULT CHARSET=utf8mb3;
/*!40101 SET character_set_client = @saved_cs_client */;

--
-- Dumping data for table `tickets_locations`
--

LOCK TABLES `tickets_locations` WRITE;
/*!40000 ALTER TABLE `tickets_locations` DISABLE KEYS */;
INSERT INTO `tickets_locations` VALUES (1,1),(2,2),(3,3),(4,4),(5,5),(6,6),(7,7),(8,8),(9,9),(10,10),(11,11),(12,12),(13,13),(14,14),(15,15),(16,16),(17,17),(18,18),(19,19),(20,20),(21,21),(22,22),(23,17),(24,11),(25,23),(26,24),(27,25),(28,2),(29,26),(30,26),(31,17),(32,27),(33,28),(34,29),(35,30),(36,31),(37,32),(38,29),(39,33),(40,34),(41,35),(42,36),(43,37),(44,17),(45,38),(46,39),(47,40),(48,41),(49,42),(50,19),(51,34),(52,43),(53,44),(54,45),(55,46),(56,47),(57,32),(58,48),(59,17),(60,32),(61,25),(62,49),(63,50),(64,51),(65,52),(66,53),(67,17),(68,54),(69,36),(70,55),(71,56),(72,57),(73,58),(74,11),(75,59),(76,60),(77,60),(78,17),(79,11),(80,61),(81,62),(82,63),(83,64),(84,65),(85,37),(86,66),(87,67),(88,54),(89,68),(90,53),(91,69),(92,70),(93,54),(94,71),(95,72),(96,73),(97,74),(98,44),(99,75),(100,76),(101,77),(102,56),(103,78),(104,79),(105,80),(106,81),(107,48),(108,72),(109,82),(110,83),(111,83),(112,74),(113,84),(114,85),(115,59),(116,86),(117,87),(118,40),(119,88),(120,89),(121,44),(122,89),(123,90),(124,16),(125,88),(126,91),(127,16),(128,16),(129,92),(130,93),(131,94),(132,46),(133,95),(134,38),(135,77),(136,96),(137,97),(138,98),(139,46),(140,46),(141,40),(142,11),(143,24),(144,99),(145,100),(146,101),(147,102),(148,103),(149,104),(150,11),(151,74),(152,81),(153,81),(154,3),(155,97),(156,102),(157,105),(158,106),(159,107),(160,58),(161,108),(162,16),(163,98),(164,109),(165,38),(166,110),(167,37),(168,111),(169,112),(170,24),(171,45),(172,113),(173,17),(174,114),(175,24),(176,115),(177,113),(178,116),(179,113),(180,110),(181,68),(182,58),(183,117),(184,117),(185,54),(186,3),(187,14),(188,19),(189,2),(190,17),(191,118),(192,119),(193,120),(194,119),(195,20),(196,121),(197,53),(198,122),(199,52),(200,123),(201,59),(202,124),(203,87),(204,44),(205,24),(206,38),(207,87),(208,125),(209,38),(210,126),(211,127),(212,128),(213,125),(214,129),(215,130),(216,131),(217,132),(218,17),(219,37),(220,133),(221,11),(222,37),(223,102),(224,134),(225,135),(226,136),(227,137),(228,35),(229,138),(230,121),(231,139),(232,139),(233,140),(234,40),(235,141),(236,142),(237,143),(238,137),(239,16),(240,38),(241,96),(242,144),(243,114),(244,37),(245,145),(246,144),(247,137),(248,146),(249,36),(250,147),(251,68),(252,54),(253,148),(254,4),(255,54),(256,58),(257,38),(258,114),(259,149),(260,54),(261,150),(262,17),(263,151),(264,87),(265,87),(266,152),(267,153),(268,46),(269,154),(270,153),(271,113),(272,155),(273,156),(274,74),(275,157),(276,36),(277,158),(278,121),(279,159),(280,160),(281,2),(282,144),(283,24),(284,161),(285,162),(286,131),(287,163),(288,126),(289,77),(290,38),(291,164),(292,40),(293,165),(294,166),(295,167),(296,168),(297,169),(298,17),(299,48),(300,170),(301,106),(302,25),(303,11),(304,77),(305,171),(306,172),(307,173),(308,174),(309,175),(310,58),(311,17),(312,176),(313,165),(314,105),(315,177),(316,165),(317,178),(318,54),(319,179),(320,86),(321,98),(322,180),(323,181),(324,14),(325,182),(326,130),(327,11),(328,183),(329,2),(330,184),(331,68),(332,76),(333,38),(334,131),(335,185),(336,185),(337,37),(338,186),(339,56),(340,76),(341,187),(342,131),(343,188),(344,2),(345,189),(346,11),(347,190),(348,191),(349,192),(350,193),(351,2),(352,8),(353,77),(354,16),(355,194),(356,17),(357,54),(358,17),(359,195),(360,40),(361,196),(362,197),(363,76),(364,198),(365,199),(366,11),(367,121),(368,200),(369,201),(370,202),(371,46),(372,12),(373,203),(374,46),(375,97),(376,58),(377,35),(378,40),(379,204),(380,17),(381,77),(382,205),(383,146),(384,206),(385,58),(386,190),(387,207),(388,3),(389,208),(390,148),(391,209),(392,209),(393,209),(394,148),(395,105),(396,177),(397,74),(398,118),(399,210),(400,40),(401,110),(402,17),(403,8),(404,11),(405,121),(406,211),(407,105),(408,212),(409,17),(410,67),(411,2),(412,77),(413,19),(414,157),(415,213),(416,155),(417,2),(418,38),(419,52),(420,214),(421,215),(422,216),(423,36),(424,217),(425,16),(426,16),(427,76),(428,218),(429,8),(430,38),(431,121),(432,219),(433,68),(434,74),(435,220),(436,74),(437,221),(438,24),(439,16),(440,48),(441,222),(442,14),(443,24),(444,223),(445,224),(446,225),(447,226),(448,8),(449,17),(450,227),(451,2),(452,228),(453,229),(454,2),(455,77),(456,11),(457,230),(458,231),(459,232),(460,131),(461,17),(462,11),(463,11),(464,233),(465,40),(466,215),(467,234),(468,235),(469,236),(470,237),(471,20),(472,238),(473,230),(474,239),(475,38),(476,77),(477,81),(478,240),(479,241),(480,81),(481,133),(482,16),(483,48),(484,242),(485,114),(486,38),(487,243),(488,195),(489,38),(490,45),(491,113),(492,244),(493,17),(494,245),(495,246),(496,40),(497,20),(498,77),(499,113),(500,45);
/*!40000 ALTER TABLE `tickets_locations` ENABLE KEYS */;
UNLOCK TABLES;

--
-- Table structure for table `tickets_notices`
--

DROP TABLE IF EXISTS `tickets_notices`;
/*!40101 SET @saved_cs_client     = @@character_set_client */;
/*!50503 SET character_set_client = utf8mb4 */;
CREATE TABLE `tickets_notices` (
  `ticket_id` int NOT NULL,
  `notice_id` int NOT NULL,
  KEY `notices_id_idx` (`notice_id`),
  KEY `ticket_notice_fk` (`ticket_id`),
  CONSTRAINT `notice_ticket_fk` FOREIGN KEY (`notice_id`) REFERENCES `notices` (`notice_id`),
  CONSTRAINT `ticket_notice_fk` FOREIGN KEY (`ticket_id`) REFERENCES `tickets` (`ticket_id`)
) ENGINE=InnoDB DEFAULT CHARSET=utf8mb3;
/*!40101 SET character_set_client = @saved_cs_client */;

--
-- Dumping data for table `tickets_notices`
--

LOCK TABLES `tickets_notices` WRITE;
/*!40000 ALTER TABLE `tickets_notices` DISABLE KEYS */;
INSERT INTO `tickets_notices` VALUES (1,1),(2,1),(3,2),(4,3),(5,4),(6,5),(7,5),(8,2),(10,2),(11,6),(12,1),(13,5),(14,3),(15,1),(16,1),(17,2),(18,3),(19,3),(20,1),(21,2),(22,2),(23,6),(24,5),(25,2),(26,1),(27,6),(28,1),(29,1),(31,6),(32,3),(33,5),(34,3),(35,5),(36,1),(37,2),(38,3),(39,1),(40,1),(41,2),(42,4),(43,6),(44,1),(45,6),(46,5),(47,1),(48,2),(50,2),(51,1),(52,1),(53,1),(54,6),(55,1),(56,6),(57,5),(58,1),(59,2),(60,5),(61,1),(62,2),(64,1),(65,1),(66,5),(67,6),(68,3),(69,6),(70,2),(71,1),(72,3),(73,1),(74,6),(75,2),(76,3),(77,3),(78,2),(79,5),(81,1),(82,1),(83,3),(84,1),(85,6),(86,1),(87,6),(88,6),(89,6),(90,2),(91,5),(92,5),(93,5),(94,2),(95,3),(96,1),(97,2),(98,6),(100,6),(101,1),(102,2),(103,5),(104,1),(105,2),(106,3),(107,3),(108,3),(109,1),(110,5),(111,5),(112,2),(113,5),(114,3),(115,3),(116,6),(117,6),(118,6),(119,5),(121,6),(122,5),(123,3),(124,2),(125,5),(126,2),(127,6),(128,1),(129,3),(130,3),(131,3),(132,1),(133,3),(134,5),(135,2),(136,6),(137,2),(138,6),(139,6),(140,6),(141,2),(142,3),(143,6),(144,1),(145,1),(146,1),(147,6),(149,5),(150,6),(151,6),(152,6),(153,6),(154,1),(155,3),(156,6),(157,6),(158,5),(159,1),(160,2),(161,2),(162,3),(163,5),(164,6),(165,6),(166,1),(167,1),(168,4),(169,6),(170,2),(171,1),(172,1),(173,5),(174,6),(175,6),(176,5),(177,6),(178,5),(179,3),(180,1),(181,6),(182,6),(183,1),(185,6),(186,1),(187,3),(188,6),(189,5),(190,1),(191,1),(192,3),(193,1),(194,3),(195,1),(196,6),(197,5),(198,2),(199,3),(200,2),(201,5),(202,3),(203,6),(204,5),(205,3),(206,6),(207,2),(208,1),(209,1),(210,1),(211,3),(212,5),(214,3),(215,2),(216,5),(217,3),(218,2),(219,3),(220,1),(221,6),(222,1),(223,4),(224,1),(225,2),(226,2),(227,1),(228,6),(229,3),(230,5),(231,1),(232,3),(233,1),(234,6),(235,5),(236,1),(237,3),(238,6),(239,6),(240,1),(241,2),(242,6),(243,3),(244,3),(245,2),(246,6),(247,3),(248,1),(249,6),(250,2),(251,6),(252,3),(253,1),(254,5),(255,3),(256,6),(257,1),(258,1),(259,1),(260,3),(261,2),(262,5),(264,6),(265,6),(266,1),(268,5),(269,1),(271,6),(272,4),(273,1),(274,1),(275,3),(276,6),(277,5),(278,6),(279,2),(280,1),(281,6),(282,6),(283,6),(284,6),(285,1),(286,3),(287,3),(288,5),(289,2),(290,4),(291,2),(292,5),(293,1),(294,1),(295,5),(296,5),(297,5),(298,6),(299,1),(300,1),(301,1),(302,6),(303,1),(304,2),(305,1),(306,2),(307,5),(308,1),(309,1),(310,1),(311,1),(312,3),(313,5),(314,1),(315,5),(316,2),(317,2),(318,5),(319,6),(320,6),(321,1),(322,3),(323,1),(324,5),(325,1),(326,5),(327,6),(328,3),(329,6),(330,2),(331,3),(332,2),(333,1),(334,6),(335,1),(336,1),(337,3),(338,3),(339,6),(340,6),(341,5),(342,5),(343,5),(344,1),(345,1),(346,1),(347,5),(348,1),(349,3),(351,6),(352,1),(353,6),(354,6),(356,6),(357,6),(358,3),(359,1),(360,1),(361,5),(362,3),(363,2),(364,5),(365,6),(366,6),(367,6),(368,3),(369,5),(371,6),(372,1),(373,2),(374,1),(375,1),(376,6),(377,2),(378,6),(379,2),(380,5),(381,1),(382,2),(383,1),(384,5),(385,5),(386,4),(387,1),(388,6),(389,1),(390,5),(391,3),(392,3),(393,1),(394,2),(395,6),(396,2),(397,3),(398,3),(399,2),(400,6),(401,1),(402,6),(403,2),(404,6),(405,5),(406,6),(407,3),(408,1),(409,1),(410,6),(411,1),(412,6),(413,2),(414,5),(415,1),(416,5),(417,1),(418,5),(419,2),(420,3),(421,2),(422,3),(423,5),(424,2),(425,3),(426,2),(427,6),(428,2),(429,1),(430,6),(431,6),(432,2),(433,5),(434,1),(435,5),(436,6),(437,1),(438,3),(439,3),(440,3),(441,1),(442,5),(443,6),(444,2),(446,2),(447,5),(448,1),(449,1),(450,1),(451,6),(452,3),(453,3),(454,1),(455,1),(456,6),(457,3),(458,2),(459,2),(460,6),(461,5),(462,6),(463,6),(464,5),(465,6),(466,1),(467,1),(468,1),(469,1),(470,2),(471,6),(472,5),(473,6),(474,1),(475,4),(476,1),(477,1),(478,6),(479,5),(480,5),(481,5),(482,5),(483,4),(484,5),(485,1),(486,6),(487,6),(488,1),(489,4),(490,1),(491,6),(492,1),(493,6),(494,2),(495,3),(496,1),(497,2),(498,1),(499,6),(500,5);
/*!40000 ALTER TABLE `tickets_notices` ENABLE KEYS */;
UNLOCK TABLES;

--
-- Temporary view structure for view `tickets_per_unit`
--

DROP TABLE IF EXISTS `tickets_per_unit`;
/*!50001 DROP VIEW IF EXISTS `tickets_per_unit`*/;
SET @saved_cs_client     = @@character_set_client;
/*!50503 SET character_set_client = utf8mb4 */;
/*!50001 CREATE VIEW `tickets_per_unit` AS SELECT 
 1 AS `Unit`,
 1 AS `Unit Type`,
 1 AS `Officer`,
 1 AS `Tickets`*/;
SET character_set_client = @saved_cs_client;

--
-- Table structure for table `tickets_units`
--

DROP TABLE IF EXISTS `tickets_units`;
/*!40101 SET @saved_cs_client     = @@character_set_client */;
/*!50503 SET character_set_client = utf8mb4 */;
CREATE TABLE `tickets_units` (
  `ticket_id` int NOT NULL,
  `unit_id` int NOT NULL,
  KEY `ticket_id_idx` (`ticket_id`),
  KEY `unit_id_idx` (`unit_id`),
  CONSTRAINT `ticket_unit_fk` FOREIGN KEY (`ticket_id`) REFERENCES `tickets` (`ticket_id`),
  CONSTRAINT `unit_ticket_fk` FOREIGN KEY (`unit_id`) REFERENCES `units` (`unit_id`)
) ENGINE=InnoDB DEFAULT CHARSET=utf8mb3;
/*!40101 SET character_set_client = @saved_cs_client */;

--
-- Dumping data for table `tickets_units`
--

LOCK TABLES `tickets_units` WRITE;
/*!40000 ALTER TABLE `tickets_units` DISABLE KEYS */;
INSERT INTO `tickets_units` VALUES (1,1),(2,2),(3,2),(4,3),(5,4),(6,5),(7,6),(8,3),(9,7),(10,3),(11,2),(12,3),(13,6),(14,2),(15,3),(16,2),(17,2),(18,8),(19,2),(20,2),(21,3),(22,6),(23,2),(24,2),(25,3),(26,2),(27,2),(28,2),(29,9),(30,9),(31,2),(32,5),(33,6),(34,10),(35,3),(36,11),(37,12),(38,10),(39,5),(40,1),(41,2),(42,2),(43,2),(44,2),(45,2),(46,6),(47,2),(48,13),(49,14),(50,2),(51,1),(52,6),(53,2),(54,2),(55,2),(56,2),(57,12),(58,3),(59,2),(60,12),(61,2),(62,5),(63,5),(64,2),(65,3),(66,3),(67,2),(68,2),(69,2),(70,6),(71,2),(72,11),(73,2),(74,2),(75,2),(76,12),(77,12),(78,2),(79,2),(80,15),(81,3),(82,11),(83,16),(84,3),(85,2),(86,5),(87,2),(88,2),(89,2),(90,3),(91,12),(92,2),(93,2),(94,5),(95,1),(96,3),(97,2),(98,2),(99,12),(100,2),(101,2),(102,2),(103,3),(104,2),(105,5),(106,2),(107,3),(108,1),(109,17),(110,15),(111,15),(112,2),(113,3),(114,7),(115,2),(116,2),(117,2),(118,2),(119,1),(120,5),(121,2),(122,5),(123,18),(124,2),(125,1),(126,5),(127,2),(128,2),(129,5),(130,2),(131,3),(132,2),(133,6),(134,2),(135,2),(136,2),(137,2),(138,2),(139,2),(140,2),(141,2),(142,2),(143,2),(144,5),(145,6),(146,3),(147,2),(148,19),(149,6),(150,2),(151,2),(152,2),(153,2),(154,2),(155,2),(156,2),(157,2),(158,3),(159,3),(160,2),(161,3),(162,2),(163,2),(164,2),(165,2),(166,3),(167,2),(168,3),(169,2),(170,2),(171,2),(172,2),(173,2),(174,2),(175,2),(176,20),(177,2),(178,3),(179,2),(180,3),(181,2),(182,2),(183,21),(184,21),(185,2),(186,2),(187,2),(188,2),(189,2),(190,2),(191,2),(192,22),(193,23),(194,22),(195,2),(196,2),(197,3),(198,3),(199,3),(200,6),(201,2),(202,3),(203,2),(204,2),(205,2),(206,2),(207,2),(208,21),(209,2),(210,3),(211,6),(212,3),(213,21),(214,6),(215,3),(216,2),(217,6),(218,2),(219,2),(220,3),(221,2),(222,2),(223,2),(224,2),(225,3),(226,24),(227,25),(228,2),(229,3),(230,2),(231,26),(232,26),(233,3),(234,2),(235,6),(236,6),(237,24),(238,25),(239,2),(240,2),(241,2),(242,2),(243,2),(244,2),(245,3),(246,2),(247,27),(248,3),(249,2),(250,18),(251,2),(252,2),(253,3),(254,3),(255,2),(256,2),(257,2),(258,2),(259,3),(260,2),(261,3),(262,2),(263,27),(264,2),(265,2),(266,2),(267,26),(268,2),(269,6),(270,26),(271,2),(272,3),(273,25),(274,2),(275,3),(276,2),(277,27),(278,2),(279,28),(280,3),(281,2),(282,2),(283,2),(284,25),(285,29),(286,2),(287,26),(288,3),(289,2),(290,2),(291,3),(292,2),(293,27),(294,21),(295,11),(296,30),(297,3),(298,2),(299,3),(300,3),(301,3),(302,2),(303,2),(304,2),(305,27),(306,21),(307,31),(308,3),(309,32),(310,2),(311,2),(312,33),(313,25),(314,2),(315,3),(316,25),(317,26),(318,2),(319,2),(320,2),(321,2),(322,18),(323,3),(324,2),(325,2),(326,3),(327,2),(328,1),(329,2),(330,34),(331,2),(332,2),(333,2),(334,2),(335,35),(336,35),(337,2),(338,3),(339,2),(340,2),(341,3),(342,2),(343,25),(344,2),(345,2),(346,2),(347,3),(348,36),(349,37),(350,27),(351,2),(352,3),(353,2),(354,2),(355,25),(356,2),(357,2),(358,2),(359,3),(360,2),(361,3),(362,27),(363,2),(364,3),(365,2),(366,2),(367,2),(368,25),(369,3),(370,36),(371,2),(372,3),(373,27),(374,2),(375,2),(376,2),(377,2),(378,2),(379,25),(380,2),(381,2),(382,36),(383,3),(384,38),(385,2),(386,3),(387,3),(388,2),(389,27),(390,3),(391,39),(392,39),(393,39),(394,3),(395,2),(396,3),(397,2),(398,2),(399,25),(400,2),(401,3),(402,2),(403,3),(404,2),(405,2),(406,36),(407,2),(408,27),(409,2),(410,2),(411,2),(412,2),(413,2),(414,3),(415,3),(416,3),(417,2),(418,2),(419,3),(420,3),(421,3),(422,3),(423,2),(424,40),(425,2),(426,2),(427,2),(428,40),(429,3),(430,2),(431,2),(432,3),(433,2),(434,2),(435,40),(436,2),(437,41),(438,2),(439,2),(440,3),(441,3),(442,2),(443,2),(444,40),(445,40),(446,40),(447,3),(448,3),(449,2),(450,21),(451,2),(452,40),(453,3),(454,2),(455,2),(456,2),(457,2),(458,40),(459,3),(460,2),(461,2),(462,2),(463,2),(464,42),(465,2),(466,3),(467,3),(468,3),(469,43),(470,44),(471,2),(472,3),(473,2),(474,3),(475,2),(476,2),(477,2),(478,2),(479,3),(480,2),(481,3),(482,2),(483,3),(484,3),(485,2),(486,2),(487,2),(488,3),(489,2),(490,2),(491,2),(492,3),(493,2),(494,44),(495,3),(496,2),(497,2),(498,2),(499,2),(500,2);
/*!40000 ALTER TABLE `tickets_units` ENABLE KEYS */;
UNLOCK TABLES;

--
-- Table structure for table `tickets_vehicles`
--

DROP TABLE IF EXISTS `tickets_vehicles`;
/*!40101 SET @saved_cs_client     = @@character_set_client */;
/*!50503 SET character_set_client = utf8mb4 */;
CREATE TABLE `tickets_vehicles` (
  `ticket_id` int NOT NULL,
  `vehicle_id` int NOT NULL,
  KEY `vehicle_id_idx` (`vehicle_id`),
  KEY `ticket_vehicle_fk` (`ticket_id`),
  CONSTRAINT `ticket_vehicle_fk` FOREIGN KEY (`ticket_id`) REFERENCES `tickets` (`ticket_id`),
  CONSTRAINT `vehicle_ticket_fk` FOREIGN KEY (`vehicle_id`) REFERENCES `vehicles` (`vehicle_id`)
) ENGINE=InnoDB DEFAULT CHARSET=utf8mb3;
/*!40101 SET character_set_client = @saved_cs_client */;

--
-- Dumping data for table `tickets_vehicles`
--

LOCK TABLES `tickets_vehicles` WRITE;
/*!40000 ALTER TABLE `tickets_vehicles` DISABLE KEYS */;
INSERT INTO `tickets_vehicles` VALUES (1,1),(2,2),(3,3),(4,2),(5,4),(6,5),(7,5),(8,2),(9,6),(10,2),(11,2),(12,2),(13,7),(14,2),(15,2),(16,2),(17,2),(18,8),(19,2),(20,9),(21,2),(22,4),(23,10),(24,2),(25,2),(26,2),(27,2),(28,2),(29,11),(30,11),(31,2),(32,11),(33,12),(34,13),(35,2),(36,7),(37,14),(38,5),(39,15),(40,16),(41,2),(42,2),(43,2),(44,2),(45,2),(46,11),(47,2),(48,17),(49,18),(50,2),(51,16),(52,19),(53,2),(54,2),(55,2),(56,2),(57,5),(58,2),(59,2),(60,5),(61,2),(62,20),(63,14),(64,2),(65,2),(66,2),(67,2),(68,2),(69,2),(70,21),(71,2),(72,5),(73,2),(74,2),(75,2),(76,12),(77,12),(78,2),(79,2),(80,11),(81,2),(82,22),(83,23),(84,2),(85,2),(86,23),(87,2),(88,2),(89,10),(90,2),(91,22),(92,2),(93,2),(94,8),(95,5),(96,2),(97,2),(98,2),(99,14),(100,10),(101,2),(102,2),(103,2),(104,2),(105,15),(106,2),(107,2),(108,5),(109,24),(110,8),(111,8),(112,2),(113,2),(114,6),(115,2),(116,2),(117,10),(118,2),(119,4),(120,16),(121,2),(122,16),(123,16),(124,2),(125,4),(126,5),(127,2),(128,2),(129,22),(130,2),(131,2),(132,2),(133,14),(134,2),(135,2),(136,2),(137,2),(138,2),(139,2),(140,2),(141,2),(142,2),(143,2),(144,22),(145,12),(146,2),(147,2),(148,25),(149,26),(150,2),(151,2),(152,2),(153,2),(154,27),(155,2),(156,2),(157,2),(158,2),(159,2),(160,2),(161,2),(162,2),(163,2),(164,2),(165,2),(166,2),(167,2),(168,2),(169,2),(170,2),(171,2),(172,2),(173,28),(174,10),(175,2),(176,12),(177,2),(178,2),(179,2),(180,2),(181,2),(182,2),(183,8),(184,8),(185,2),(186,2),(187,2),(188,2),(189,2),(190,2),(191,2),(192,5),(193,15),(194,5),(195,2),(196,2),(197,29),(198,2),(199,2),(200,1),(201,2),(202,2),(203,2),(204,2),(205,2),(206,2),(207,28),(208,8),(209,2),(210,2),(211,5),(212,2),(213,22),(214,6),(215,2),(216,2),(217,1),(218,2),(219,2),(220,2),(221,2),(222,2),(223,2),(224,2),(225,2),(226,30),(227,31),(228,2),(229,2),(230,2),(231,32),(232,32),(233,2),(234,2),(235,1),(236,22),(237,15),(238,31),(239,2),(240,2),(241,2),(242,2),(243,2),(244,2),(245,2),(246,2),(247,23),(248,2),(249,2),(250,8),(251,2),(252,2),(253,2),(254,2),(255,2),(256,2),(257,2),(258,2),(259,2),(260,2),(261,2),(262,2),(263,33),(264,2),(265,2),(266,2),(267,5),(268,2),(269,4),(270,5),(271,2),(272,2),(273,4),(274,2),(275,2),(276,2),(277,16),(278,2),(279,5),(280,2),(281,2),(282,2),(283,2),(284,22),(285,22),(286,2),(287,34),(288,28),(289,2),(290,29),(291,2),(292,2),(293,35),(294,5),(295,6),(296,15),(297,2),(298,2),(299,2),(300,2),(301,2),(302,2),(303,2),(304,2),(305,14),(306,36),(307,22),(308,2),(309,1),(310,2),(311,2),(312,37),(313,31),(314,2),(315,2),(316,31),(317,38),(318,2),(319,2),(320,2),(321,39),(322,15),(323,2),(324,2),(325,2),(326,2),(327,2),(328,5),(329,2),(330,11),(331,2),(332,2),(333,2),(334,2),(335,24),(336,24),(337,2),(338,2),(339,2),(340,2),(341,2),(342,2),(343,4),(344,2),(345,2),(346,2),(347,2),(348,8),(349,40),(350,11),(351,2),(352,2),(353,2),(354,2),(355,8),(356,2),(357,2),(358,2),(359,2),(360,2),(361,2),(362,5),(363,2),(364,2),(365,2),(366,2),(367,2),(368,41),(369,2),(370,16),(371,2),(372,2),(373,5),(374,2),(375,2),(376,2),(377,2),(378,2),(379,42),(380,2),(381,2),(382,22),(383,2),(384,42),(385,2),(386,2),(387,2),(388,2),(389,43),(390,2),(391,16),(392,16),(393,4),(394,2),(395,2),(396,2),(397,2),(398,2),(399,44),(400,2),(401,2),(402,2),(403,2),(404,2),(405,2),(406,16),(407,2),(408,15),(409,2),(410,2),(411,2),(412,2),(413,2),(414,45),(415,2),(416,2),(417,2),(418,2),(419,2),(420,10),(421,10),(422,27),(423,2),(424,1),(425,2),(426,2),(427,2),(428,5),(429,2),(430,2),(431,2),(432,28),(433,2),(434,2),(435,8),(436,2),(437,8),(438,2),(439,2),(440,2),(441,2),(442,27),(443,2),(444,37),(445,22),(446,15),(447,2),(448,46),(449,2),(450,42),(451,29),(452,15),(453,29),(454,2),(455,29),(456,2),(457,2),(458,47),(459,2),(460,2),(461,2),(462,2),(463,2),(464,5),(465,2),(466,2),(467,2),(468,2),(469,15),(470,5),(471,2),(472,2),(473,2),(474,2),(475,2),(476,2),(477,2),(478,2),(479,2),(480,2),(481,2),(482,2),(483,2),(484,2),(485,2),(486,29),(487,2),(488,2),(489,48),(490,28),(491,2),(492,2),(493,2),(494,5),(495,2),(496,2),(497,2),(498,2),(499,2),(500,2);
/*!40000 ALTER TABLE `tickets_vehicles` ENABLE KEYS */;
UNLOCK TABLES;

--
-- Table structure for table `tickets_violations`
--

DROP TABLE IF EXISTS `tickets_violations`;
/*!40101 SET @saved_cs_client     = @@character_set_client */;
/*!50503 SET character_set_client = utf8mb4 */;
CREATE TABLE `tickets_violations` (
  `ticket_id` int NOT NULL,
  `violation_id` int NOT NULL,
  KEY `violation_id_idx` (`violation_id`),
  KEY `ticket_violation_fk` (`ticket_id`),
  CONSTRAINT `ticket_violation_fk` FOREIGN KEY (`ticket_id`) REFERENCES `tickets` (`ticket_id`),
  CONSTRAINT `violation_ticket_fk` FOREIGN KEY (`violation_id`) REFERENCES `violations` (`violation_id`)
) ENGINE=InnoDB DEFAULT CHARSET=utf8mb3;
/*!40101 SET character_set_client = @saved_cs_client */;

--
-- Dumping data for table `tickets_violations`
--

LOCK TABLES `tickets_violations` WRITE;
/*!40000 ALTER TABLE `tickets_violations` DISABLE KEYS */;
INSERT INTO `tickets_violations` VALUES (1,14),(2,18),(3,17),(4,15),(5,2),(6,5),(7,5),(8,15),(9,5),(10,15),(11,19),(12,15),(13,5),(14,17),(15,15),(16,17),(17,17),(18,14),(19,17),(20,17),(21,15),(22,5),(23,19),(24,18),(25,15),(26,17),(27,19),(28,17),(29,8),(30,7),(31,19),(32,5),(33,5),(34,14),(35,15),(36,13),(37,11),(38,14),(39,5),(40,21),(41,18),(42,17),(43,19),(44,18),(45,19),(46,5),(47,17),(48,8),(49,3),(50,17),(51,5),(52,5),(53,18),(54,19),(55,17),(56,19),(57,11),(58,15),(59,17),(60,5),(61,17),(62,5),(63,5),(64,17),(65,15),(66,15),(67,19),(68,17),(69,19),(70,5),(71,17),(72,20),(73,17),(74,19),(75,17),(76,5),(77,8),(78,17),(79,17),(80,5),(81,15),(82,21),(83,7),(84,15),(85,19),(86,5),(87,19),(88,19),(89,19),(90,15),(91,8),(92,17),(93,17),(94,5),(95,14),(96,15),(97,17),(98,19),(99,8),(100,19),(101,17),(102,18),(103,15),(104,18),(105,5),(106,18),(107,15),(108,5),(109,5),(110,6),(111,5),(112,18),(113,15),(114,5),(115,17),(116,19),(117,19),(118,19),(119,14),(120,5),(121,19),(122,5),(123,22),(124,17),(125,5),(126,5),(127,19),(128,17),(129,5),(130,17),(131,15),(132,18),(133,5),(134,17),(135,17),(136,19),(137,17),(138,19),(139,19),(140,19),(141,18),(142,17),(143,19),(144,5),(145,5),(146,15),(147,19),(148,10),(149,5),(150,19),(151,19),(152,19),(153,19),(154,17),(155,17),(156,19),(157,19),(158,15),(159,15),(160,18),(161,15),(162,18),(163,17),(164,19),(165,19),(166,15),(167,18),(168,15),(169,19),(170,17),(171,18),(172,18),(173,17),(174,19),(175,19),(176,10),(177,19),(178,15),(179,17),(180,15),(181,19),(182,19),(183,9),(184,9),(185,19),(186,17),(187,17),(188,19),(189,17),(190,17),(191,17),(192,21),(193,4),(194,5),(195,17),(196,19),(197,15),(198,15),(199,15),(200,5),(201,17),(202,15),(203,19),(204,18),(205,17),(206,19),(207,17),(208,1),(209,17),(210,15),(211,5),(212,15),(213,1),(214,5),(215,15),(216,17),(217,5),(218,17),(219,17),(220,15),(221,19),(222,17),(223,17),(224,17),(225,15),(226,5),(227,5),(228,19),(229,15),(230,18),(231,5),(232,8),(233,15),(234,19),(235,5),(236,5),(237,5),(238,8),(239,19),(240,18),(241,17),(242,19),(243,17),(244,17),(245,15),(246,19),(247,5),(248,15),(249,19),(250,12),(251,19),(252,17),(253,15),(254,15),(255,18),(256,19),(257,17),(258,18),(259,15),(260,17),(261,15),(262,17),(263,5),(264,19),(265,19),(266,17),(267,7),(268,17),(269,5),(270,8),(271,19),(272,15),(273,5),(274,17),(275,15),(276,19),(277,5),(278,19),(279,5),(280,15),(281,19),(282,19),(283,19),(284,5),(285,16),(286,17),(287,5),(288,15),(289,17),(290,17),(291,15),(292,17),(293,5),(294,9),(295,21),(296,21),(297,15),(298,19),(299,15),(300,15),(301,15),(302,19),(303,17),(304,18),(305,8),(306,9),(307,3),(308,15),(309,12),(310,17),(311,17),(312,4),(313,8),(314,17),(315,15),(316,5),(317,5),(318,18),(319,19),(320,19),(321,17),(322,12),(323,15),(324,17),(325,17),(326,15),(327,19),(328,1),(329,19),(330,3),(331,18),(332,17),(333,17),(334,19),(335,7),(336,10),(337,17),(338,15),(339,19),(340,19),(341,15),(342,18),(343,5),(344,17),(345,17),(346,17),(347,15),(348,12),(349,5),(350,5),(351,19),(352,15),(353,19),(354,19),(355,5),(356,19),(357,19),(358,17),(359,15),(360,17),(361,15),(362,5),(363,18),(364,15),(365,19),(366,19),(367,19),(368,5),(369,15),(370,14),(371,19),(372,15),(373,5),(374,18),(375,17),(376,19),(377,17),(378,19),(379,5),(380,17),(381,17),(382,14),(383,15),(384,14),(385,17),(386,15),(387,15),(388,19),(389,5),(390,15),(391,5),(392,10),(393,10),(394,15),(395,19),(396,15),(397,18),(398,17),(399,5),(400,19),(401,15),(402,19),(403,15),(404,19),(405,17),(406,1),(407,17),(408,5),(409,17),(410,19),(411,18),(412,19),(413,17),(414,15),(415,15),(416,15),(417,18),(418,17),(419,15),(420,15),(421,15),(422,15),(423,17),(424,16),(425,17),(426,17),(427,19),(428,16),(429,15),(430,19),(431,19),(432,15),(433,17),(434,18),(435,16),(436,19),(437,14),(438,17),(439,18),(440,15),(441,15),(442,17),(443,19),(444,16),(445,16),(446,16),(447,15),(448,15),(449,17),(450,9),(451,19),(452,16),(453,15),(454,18),(455,18),(456,19),(457,17),(458,16),(459,15),(460,19),(461,17),(462,19),(463,19),(464,14),(465,19),(466,15),(467,15),(468,15),(469,14),(470,14),(471,19),(472,15),(473,19),(474,15),(475,18),(476,18),(477,17),(478,19),(479,15),(480,17),(481,15),(482,18),(483,15),(484,15),(485,17),(486,19),(487,19),(488,15),(489,17),(490,17),(491,19),(492,15),(493,19),(494,14),(495,15),(496,17),(497,17),(498,17),(499,19),(500,17);
/*!40000 ALTER TABLE `tickets_violations` ENABLE KEYS */;
UNLOCK TABLES;

--
-- Table structure for table `units`
--

DROP TABLE IF EXISTS `units`;
/*!40101 SET @saved_cs_client     = @@character_set_client */;
/*!50503 SET character_set_client = utf8mb4 */;
CREATE TABLE `units` (
  `unit_id` int NOT NULL,
  `unit` varchar(4) NOT NULL,
  `unit_type` varchar(16) NOT NULL,
  `officer` varchar(16) NOT NULL,
  PRIMARY KEY (`unit_id`)
) ENGINE=InnoDB DEFAULT CHARSET=utf8mb3;
/*!40101 SET character_set_client = @saved_cs_client */;

--
-- Dumping data for table `units`
--

LOCK TABLES `units` WRITE;
/*!40000 ALTER TABLE `units` DISABLE KEYS */;
INSERT INTO `units` VALUES (1,'3','CPD','7416'),(2,'SPD','Speed','SPEED'),(3,'CNDT','Red Light','CNDT'),(4,'4','CPD','16016'),(5,'10','CPD','14634'),(6,'10','CPD','5996'),(7,'12','CPD','3073'),(8,'3','CPD','19880'),(9,'18','CPD','10416'),(10,'18','CPD','9502'),(11,'25','CPD','19636'),(12,'7','CPD','14005'),(13,'5','CPD','19424'),(14,'10','CPD','3593'),(15,'11','CPD','9240'),(16,'19','CPD','14550'),(17,'4','CPD','3805'),(18,'3','CPD','18055'),(19,'3','CPD','13947'),(20,'3','CPD','18073'),(21,'18','CPD','8840'),(22,'10','CPD','10059'),(23,'19','CPD','3774'),(24,'15','CPD','4988'),(25,'716','CPD','6882'),(26,'2','CPD','2822'),(27,'716','CPD','16619'),(28,'1','CPD','10912'),(29,'9','CPD','8765'),(30,'2','CPD','6069'),(31,'25','CPD','17441'),(32,'14','CPD','7043'),(33,'18','CPD','14912'),(34,'9','CPD','11912'),(35,'24','CPD','9669'),(36,'12','CPD','19349'),(37,'15','CPD','7825'),(38,'17','CPD','13136'),(39,'25','CPD','8997'),(40,'25','CPD','15654'),(41,'19','CPD','3786'),(42,'716','CPD','10612'),(43,'12','CPD','6890'),(44,'18','CPD','16996');
/*!40000 ALTER TABLE `units` ENABLE KEYS */;
UNLOCK TABLES;

--
-- Table structure for table `vehicles`
--

DROP TABLE IF EXISTS `vehicles`;
/*!40101 SET @saved_cs_client     = @@character_set_client */;
/*!50503 SET character_set_client = utf8mb4 */;
CREATE TABLE `vehicles` (
  `vehicle_id` int NOT NULL,
  `vehicle_make` char(4) DEFAULT NULL,
  `license_plate_type` char(3) DEFAULT NULL,
  PRIMARY KEY (`vehicle_id`)
) ENGINE=InnoDB DEFAULT CHARSET=utf8mb3;
/*!40101 SET character_set_client = @saved_cs_client */;

--
-- Dumping data for table `vehicles`
--

LOCK TABLES `vehicles` WRITE;
/*!40000 ALTER TABLE `vehicles` DISABLE KEYS */;
INSERT INTO `vehicles` VALUES (1,'HYUN','PAS'),(2,'OTHR','PAS'),(3,'OTHR','PTR'),(4,'DODG','PAS'),(5,'CHEV','PAS'),(6,'BMW','PAS'),(7,'CHEV','TRK'),(8,'JEEP','PAS'),(9,'OTHR','CBK'),(10,'OTHR','TMP'),(11,'FORD','PAS'),(12,'CHEV','TMP'),(13,'HYUN','TMP'),(14,'BUIC','PAS'),(15,'TOYT','PAS'),(16,'HOND','PAS'),(17,'LEXU','PAS'),(18,'GMC','TMP'),(19,'GMC','PAS'),(20,'KIA','PAS'),(21,'JEEP','TMP'),(22,'NISS','PAS'),(23,'CHRY','PAS'),(24,'MERZ','PAS'),(25,'LINC','PAS'),(26,'CHEV','FFM'),(27,'OTHR','DLC'),(28,'OTHR','TRK'),(29,'OTHR','PFR'),(30,'PONT','PAS'),(31,'TOYT','TMP'),(32,'MERC','TMP'),(33,'AUDI','PAS'),(34,'INFI','TMP'),(35,'BUIC','TMP'),(36,'GMC','TRK'),(37,'ACUR','PAS'),(38,'DODG','TRK'),(39,'OTHR','HCP'),(40,'CADI','PAS'),(41,'LNDR','PAS'),(42,'VOLK','PAS'),(43,'MAZD','PAS'),(44,'MITS','FFM'),(45,'OTHR','TXI'),(46,'OTHR','BRS'),(47,'INFI','PAS'),(48,'OTHR','BUL');
/*!40000 ALTER TABLE `vehicles` ENABLE KEYS */;
UNLOCK TABLES;

--
-- Table structure for table `violations`
--

DROP TABLE IF EXISTS `violations`;
/*!40101 SET @saved_cs_client     = @@character_set_client */;
/*!50503 SET character_set_client = utf8mb4 */;
CREATE TABLE `violations` (
  `violation_id` int NOT NULL,
  `violation_type` varchar(64) NOT NULL,
  PRIMARY KEY (`violation_id`)
) ENGINE=InnoDB DEFAULT CHARSET=utf8mb3;
/*!40101 SET character_set_client = @saved_cs_client */;

--
-- Dumping data for table `violations`
--

LOCK TABLES `violations` WRITE;
/*!40000 ALTER TABLE `violations` DISABLE KEYS */;
INSERT INTO `violations` VALUES (1,'BLOCK ACCESS/ALLEY/DRIVEWAY/FIRELANE'),(2,'BLOCK ALLEY'),(3,'DISABLED PARKING ZONE'),(4,'DOUBLE PARKING/STANDING NON-CENTRAL BUSINESS DISTR'),(5,'EXPIRED PLATE OR TEMPORARY REGISTRATION'),(6,'HAZARDOUS DILAPIDATED VEHICLE'),(7,'MISSING/NONCOMPLIANT FRONT AND/OR REAR PLATE'),(8,'NO CITY STICKER VEHICLE UNDER/EQUAL TO 16,000 LBS.'),(9,'NO STANDING/PARKING TIME RESTRICTED'),(10,'PARK ALLEY'),(11,'PARK OR STAND IN BUS/TAXI/CARRIAGE STAND'),(12,'PARK OR STAND ON CROSSWALK'),(13,'PARK OR STAND ON SIDEWALK'),(14,'PARKING/STANDING PROHIBITED ANYTIME'),(15,'RED LIGHT VIOLATION'),(16,'RESIDENTIAL PERMIT PARKING'),(17,'SPEED VIOLATION 11+'),(18,'SPEED VIOLATION 6-10'),(19,'SPEED WARNING'),(20,'STOP SIGN OR TRAFFIC SIGNAL'),(21,'WITHIN 15\' OF FIRE HYDRANT'),(22,'WRONG DIRECTION OR 12\'\' FROM CURB');
/*!40000 ALTER TABLE `violations` ENABLE KEYS */;
UNLOCK TABLES;

--
-- Final view structure for view `amount_due_per_violation_location`
--

/*!50001 DROP VIEW IF EXISTS `amount_due_per_violation_location`*/;
/*!50001 SET @saved_cs_client          = @@character_set_client */;
/*!50001 SET @saved_cs_results         = @@character_set_results */;
/*!50001 SET @saved_col_connection     = @@collation_connection */;
/*!50001 SET character_set_client      = utf8mb4 */;
/*!50001 SET character_set_results     = utf8mb4 */;
/*!50001 SET collation_connection      = utf8mb4_0900_ai_ci */;
/*!50001 CREATE ALGORITHM=UNDEFINED */
/*!50013 DEFINER=`root`@`localhost` SQL SECURITY DEFINER */
/*!50001 VIEW `amount_due_per_violation_location` AS select `l`.`violation_location` AS `Violation Location`,round(sum(`tickets`.`amount_due`),2) AS `Total Amount Due` from ((`locations` `l` join `tickets_locations` on((`l`.`location_id` = `tickets_locations`.`location_id`))) join `tickets` on((`tickets_locations`.`ticket_id` = `tickets`.`ticket_id`))) where (`tickets`.`amount_due` > 0) group by `l`.`violation_location` order by round(sum(`tickets`.`amount_due`),2) desc */;
/*!50001 SET character_set_client      = @saved_cs_client */;
/*!50001 SET character_set_results     = @saved_cs_results */;
/*!50001 SET collation_connection      = @saved_col_connection */;

--
-- Final view structure for view `number_of_tickets_per_specific_vehicle_type`
--

/*!50001 DROP VIEW IF EXISTS `number_of_tickets_per_specific_vehicle_type`*/;
/*!50001 SET @saved_cs_client          = @@character_set_client */;
/*!50001 SET @saved_cs_results         = @@character_set_results */;
/*!50001 SET @saved_col_connection     = @@collation_connection */;
/*!50001 SET character_set_client      = utf8mb4 */;
/*!50001 SET character_set_results     = utf8mb4 */;
/*!50001 SET collation_connection      = utf8mb4_0900_ai_ci */;
/*!50001 CREATE ALGORITHM=UNDEFINED */
/*!50013 DEFINER=`root`@`localhost` SQL SECURITY DEFINER */
/*!50001 VIEW `number_of_tickets_per_specific_vehicle_type` AS select `v`.`vehicle_make` AS `vehicle_make`,`v`.`license_plate_type` AS `license_plate_type`,`t`.`driver_zip_code` AS `driver_zip_code`,count(`t`.`ticket_id`) AS `Number of Tickets` from ((`vehicles` `v` join `tickets_vehicles` `tv`) join `tickets` `t`) where ((`v`.`vehicle_id` = `tv`.`vehicle_id`) and (`tv`.`ticket_id` = `t`.`ticket_id`)) group by `v`.`vehicle_make`,`v`.`license_plate_type`,`t`.`driver_zip_code` order by count(`t`.`ticket_id`) desc */;
/*!50001 SET character_set_client      = @saved_cs_client */;
/*!50001 SET character_set_results     = @saved_cs_results */;
/*!50001 SET collation_connection      = @saved_col_connection */;

--
-- Final view structure for view `occurrence_of_violations`
--

/*!50001 DROP VIEW IF EXISTS `occurrence_of_violations`*/;
/*!50001 SET @saved_cs_client          = @@character_set_client */;
/*!50001 SET @saved_cs_results         = @@character_set_results */;
/*!50001 SET @saved_col_connection     = @@collation_connection */;
/*!50001 SET character_set_client      = utf8mb4 */;
/*!50001 SET character_set_results     = utf8mb4 */;
/*!50001 SET collation_connection      = utf8mb4_0900_ai_ci */;
/*!50001 CREATE ALGORITHM=UNDEFINED */
/*!50013 DEFINER=`root`@`localhost` SQL SECURITY DEFINER */
/*!50001 VIEW `occurrence_of_violations` AS select `v`.`violation_type` AS `Violation Type`,count(`v`.`violation_id`) AS `Occurrence` from ((`violations` `v` join `tickets_violations` on((`v`.`violation_id` = `tickets_violations`.`violation_id`))) join `tickets` on((`tickets_violations`.`ticket_id` = `tickets`.`ticket_id`))) group by `v`.`violation_type` order by count(`v`.`violation_id`) */;
/*!50001 SET character_set_client      = @saved_cs_client */;
/*!50001 SET character_set_results     = @saved_cs_results */;
/*!50001 SET collation_connection      = @saved_col_connection */;

--
-- Final view structure for view `percent_of_tickets_with_hearings`
--

/*!50001 DROP VIEW IF EXISTS `percent_of_tickets_with_hearings`*/;
/*!50001 SET @saved_cs_client          = @@character_set_client */;
/*!50001 SET @saved_cs_results         = @@character_set_results */;
/*!50001 SET @saved_col_connection     = @@collation_connection */;
/*!50001 SET character_set_client      = utf8mb4 */;
/*!50001 SET character_set_results     = utf8mb4 */;
/*!50001 SET collation_connection      = utf8mb4_0900_ai_ci */;
/*!50001 CREATE ALGORITHM=UNDEFINED */
/*!50013 DEFINER=`root`@`localhost` SQL SECURITY DEFINER */
/*!50001 VIEW `percent_of_tickets_with_hearings` AS select concat(round((((select count(`h`.`hearing_id`) from ((`hearings` `h` join `tickets_hearings` `th`) join `tickets` `t`) where ((`h`.`hearing_id` = `th`.`hearing_id`) and (`th`.`ticket_id` = `t`.`ticket_id`) and (`h`.`hearing_disposition` is not null))) / (select count(`tickets`.`ticket_id`) from `tickets`)) * 100),2),'%') AS `Percent of Tickets With Hearings`,concat(round((((select count(`h`.`hearing_id`) from ((`hearings` `h` join `tickets_hearings` `th`) join `tickets` `t`) where ((`h`.`hearing_id` = `th`.`hearing_id`) and (`th`.`ticket_id` = `t`.`ticket_id`) and (`h`.`hearing_disposition` = 'Liable'))) / (select count(`tickets`.`ticket_id`) from `tickets`)) * 100),2),'%') AS `Percent of Liable Tickets`,concat(round((((select count(`h`.`hearing_id`) from ((`hearings` `h` join `tickets_hearings` `th`) join `tickets` `t`) where ((`h`.`hearing_id` = `th`.`hearing_id`) and (`th`.`ticket_id` = `t`.`ticket_id`) and (`h`.`hearing_disposition` = 'Not Liable'))) / (select count(`tickets`.`ticket_id`) from `tickets`)) * 100),2),'%') AS `Percent of Not Liable Tickets` */;
/*!50001 SET character_set_client      = @saved_cs_client */;
/*!50001 SET character_set_results     = @saved_cs_results */;
/*!50001 SET collation_connection      = @saved_col_connection */;

--
-- Final view structure for view `tickets_per_unit`
--

/*!50001 DROP VIEW IF EXISTS `tickets_per_unit`*/;
/*!50001 SET @saved_cs_client          = @@character_set_client */;
/*!50001 SET @saved_cs_results         = @@character_set_results */;
/*!50001 SET @saved_col_connection     = @@collation_connection */;
/*!50001 SET character_set_client      = utf8mb4 */;
/*!50001 SET character_set_results     = utf8mb4 */;
/*!50001 SET collation_connection      = utf8mb4_0900_ai_ci */;
/*!50001 CREATE ALGORITHM=UNDEFINED */
/*!50013 DEFINER=`root`@`localhost` SQL SECURITY DEFINER */
/*!50001 VIEW `tickets_per_unit` AS select `u`.`unit` AS `Unit`,`u`.`unit_type` AS `Unit Type`,`u`.`officer` AS `Officer`,count(`t`.`ticket_id`) AS `Tickets` from ((`tickets` `t` join `tickets_units` `tu` on((`tu`.`ticket_id` = `t`.`ticket_id`))) join `units` `u` on((`u`.`unit_id` = `tu`.`unit_id`))) where ((`u`.`officer` <> 'SPEED') and (`u`.`officer` <> 'CNDT')) group by `u`.`unit_id` order by `Tickets` desc */;
/*!50001 SET character_set_client      = @saved_cs_client */;
/*!50001 SET character_set_results     = @saved_cs_results */;
/*!50001 SET collation_connection      = @saved_col_connection */;
/*!40103 SET TIME_ZONE=@OLD_TIME_ZONE */;

/*!40101 SET SQL_MODE=@OLD_SQL_MODE */;
/*!40014 SET FOREIGN_KEY_CHECKS=@OLD_FOREIGN_KEY_CHECKS */;
/*!40014 SET UNIQUE_CHECKS=@OLD_UNIQUE_CHECKS */;
/*!40101 SET CHARACTER_SET_CLIENT=@OLD_CHARACTER_SET_CLIENT */;
/*!40101 SET CHARACTER_SET_RESULTS=@OLD_CHARACTER_SET_RESULTS */;
/*!40101 SET COLLATION_CONNECTION=@OLD_COLLATION_CONNECTION */;
/*!40111 SET SQL_NOTES=@OLD_SQL_NOTES */;

-- Dump completed on 2023-12-14 23:40:35
